GivenName,Surname
Lei,Fu
Xia-He,Cheng
Li-Qin,Wu
Cai,Chen
Guo,Chia
Ying,Lin
Lan,Fang
Chan,Huang
Jin,Cheng
Gang,Fang
Fen,Tao
Shen,Ma
Ai,Chen
Tain,Hsueh
Hui-Ying,Yao
Fen,Tao
Hong,Tung
Xiu-Juan,Kao
Ju,Feng
Long,Chia
Lee,Tien
Xiu,Tao
Shing,Liang
Park,Lei
Ye,Hao
On,Fang
An,Chia
Tao,Chin
Yi,Kung
Yan-Yan,Lu
Wu,Kung
Wang,Lai
Juan,She
Fang-Yin,Chang
Feng,Sun
Ni,Meng
Kong,Ho
Xiang,Feng
Hu,Chao
Lok,Wan
Fai,Ni
Cong,Hou
Gang,Niu
Lee,Cheng
Fen,Tai
Fang-Yin,Tsui
Lan,Chiu
De,Chen
Shu-Fang,Yeh
Yong,Chen
Park,Ho
Jin,Tsou
Yuan,Jen
Yu-Jie,Tang
Xiang,Niu
Ye,Tuan
Yong,Fan
Wei,Kang
Juan,Kung
Li-Na,Chuang
Chan,She
Xin-Qian,Liao
Cong,Hsueh
Feng,Chin
Li,Tang
Rong,Hsiung
Yuan,Feng
Cheng,Liu
Heng,Lin
Mee,Tsui
Cai,She
Park,Kang
Yi-Ze,Wang
Lee,Chang
Zhen,Yu
Wei,Fan
Bo,Ting
Kang,Ko
Cai,Kuo
Yong,Ni
Li-Qin,Ni
Hui,Tu
Xiong,Shih
Cheng,Kung
Cong,Teng
Lien,Chao
Xia,Fang
Chen,Tai
Yi,Meng
Tao,Pan
Lan,Teng
Yi-Ze,Kuo
Chan-Juan,Chin
Lee,Tsui
Park,Chung
Xia,Chung
Qiao,Ho
Ning,Yin
Yuan,Chien
Chang,Chou
Bi,Hsia
Sying,Tien
Guo,Chia
Bao,Chien
Yuan,Pai
Bao,Wei
Cong,Yao
Ni,Chu
Long,Tsai
Shen,Lu
Lei,Yen
Manchu,Tsai
Cong,Hsiao
Na,Chen
Zhu,Ting
Ye,Chia
Jin,Lin
Zhen,Lei
Yi-Jie,Mai
Wu,Tseng
Tain,Pan
Sun,Shih
Bo,Ku
Hua,Ho
Hu,Pan
Lian,Lin
Zhen,Tung
Hong,Chen
Liang,Chia
Lian,Hou
Qian,Hsueh
Bo,Ku
Mei,Chang
Jin,Chen
You,Tien
Xiaoming,Tang
Yi,Chu
Li-Rong,Pan
Li-Na,Yeh
Mee,Yu
Cong,Hsu
Ho,Tai
Fen,Jen
Bi,Tang
Yuan,Su
Manchu,Yin
Jie,Chou
Lin,Cheng
Dong,Hou
Chung,Huang
Yuan,Tung
Manchu,Chen
De,Lu
Liang,Chien
Heng,Chou
Rong,Pan
Shu-Fang,Hsueh
Shaiming,Tseng
Xiao-Chen,Lu
Tao,Tu
You,Mao
Tao,Jen
Hua,Jen
Lien,Tsou
Feng,Hsieh
Dong,Lei
Heng,Tseng
Yi,Han
Cong,He
Hong,Su
Bao,Chang
Chi,Chu
An,Yu
Ai,Ke
Huan-Yue,Su
Xiuxiu,Sun
Heng,Wan
Lin,Kung
Long,Kuo
Chan,Yuan
Fang-Yin,He
Zhen,Yin
Cai,Chang
De,Chin
Tao,Hung
Xiong,Ni
Wang,Lu
Lan,Tsui
Lan,Tai
Li-Hua,Tao
Ni,Fu
Gang,Tien
Xian,Kuo
Li-Rong,Ke
Zhen,Yu
Guo,Huang
Gang,Hsueh
Long,Fang
Bo,Hsiao
Lok,Chuang
Ye,Lo
Cai,Lu
Jie,Yao
Shaiming,Hsu
Yuan,She
Dong,Mao
Yuan,Fan
Jing,Niu
Ho,Lo
Lixue,Tai
Yong,Fu
Lin-Yao,Tao
Song,Ting
Qiong,Lei
Bao,Feng
Chung,Teng
Kang,Hsing
Jiao,Chin
Hu,Ke
De,Yu
Mulan,Tang
Guo,Chen
Xian,Hsu
Yong,Tuan
Meng,Shen
Bi,Chien
Li,Li
Zhu,Hu
Lei,Ke
Lei,Fang
Li,Fang
Chan-Juan,Liu
Qing,Yu
Yun,He
Li-Qin,Hsu
Yue-Yan,Hao
Fang-Yin,Tai
Yi,Tsui
Ying,Lu
Sun,Tang
Shing,Chu
Park,Tao
Shaiming,Mai
Cong,Hsueh
Lok,Mai
Jin,Yao
Xin-Qian,Hsueh
Huan,Kang
Gang,Cheng
Xiu-Juan,Wei
Long,Chia
Chan-Juan,Mao
Sun,Shen
Ye,Peng
Meng,Fan
Yue-Ying,Ku
An,Tsou
Shi,Shih
Qing-Yuan,Tsui
Xiu,Lai
De,Tsui
Fang-Yin,Tao
Qing-Yuan,Sung
Manchu,Chien
Shi,Kao
Sun,He
Xia,Chen
Bo,Chiu
Yong,Tseng
Wei,Chien
Lili,Chiu
Li-Na,Peng
Zhen-Juan,Peng
E,Chang
Yul,Hsia
Lei,Mai
Cong,Tang
Chi,Lai
Qiong,Lai
Guang,Tien
Qiao,Hsing
Long,Chiu
Xia-He,Tao
Chyou,Tien
Jia-Li,Fang
Li-Qin,Ni
Lien,Wan
Chan,Shih
Yue-Yan,Lu
Xiu,Hsing
Cheng,Hou
Chung,Yu
Yong,Tu
Chan,Tang
Hui-Ying,Teng
Xue,Ho
Li,Lung
Guan-yin,Chien
Chan,Chen
Wen,Wang
Dai,Lu
Ling,Fang
Wen,Hsieh
Ye,Tu
Ning,Peng
Huan-Yue,Ko
Liang,Tao
Guo,Lu
Qiao,Chia
Jian,Tsai
Meng,Ting
Yi-Min,Niu
Jia-Li,Yu
Heng,Chen
Yong,Fan
Mee,Fan
Tao,Kao
Sheng,Su
Xin-Qian,Meng
Wei,Chung
Lok,Tien
Hui,Tien
Qing,Kao
Lee,Chiang
Lian,Shao
Shi,Peng
Xiao-Chen,Shih
Tao,Sung
Lili,Hao
Lien,Tsai
Yue-Wan,Lin
Rong,Han
Wei,Ke
Ping,Hsieh
De,Feng
Xiu-Juan,Hsu
Lei,Hsu
Shi,Sung
Kang,Meng
Cai,Lu
De,Mai
Yul,Tao
Sun,Tsui
Cui,He
On,Hsueh
Shing,Teng
Lok,Kang
Tain,Hsia
Shi,Meng
E,She
Lin,Han
Lei,Tsai
Chi,Chien
Jiang-Li,Hsueh
Kong,Lei
Xiong,Hung
Yan-Yan,Hsia
Ying,Hsia
Xia,Cheng
Xiaoming,Chu
An,Kao
Lin,Yen
Dong,Pai
Dai,Yu
Yul,Kung
Qian,Peng
Peng,Peng
Wen,Tai
Meng,Ma
Li-Na,Tang
Sheng,Peng
Zi,Kao
Shu-Fang,Tao
Zhi,Yang
Cai,Wu
Chi,Chung
Guo,Tien
Jun,Hsiao
Wang,Fu
Cong,Hsueh
Hui-Ying,Hsia
Sying,Hu
Wang,Chao
Jie,Yuan
Park,Ting
Xiu-Juan,Wei
Qing,Mai
Feng,Tan
An,Fan
Guo,Lai
Da-Xia,Ku
Guan-yin,Tsui
Shen,Chia
Xue-Fang,Ke
Yan-Yan,Lin
Feng,Lu
Wei,Li
Ning,Chuang
Chow,Shao
Zi,Chiu
Wang,Chien
Jin,Tai
Chyou,Chiu
Kang,Hsu
Yue-Yan,Wan
Xiuxiu,Meng
Rong,Lu
Qi,Ko
Zi,Jen
Sun,Hsiung
Qing,Fan
Yuan,Tuan
Sun,She
Ai,Lung
Xiuxiu,Yuan
Fang-Yin,Tao
Shi,Tao
Feng,Ku
Feng,Lo
Ju,Lu
Lian,Ke
Hua,He
Zhu,Chang
Heng,Chiu
Yong,Chen
Tao,Li
Li,Tang
Li-Qin,Chin
Xiao-Chen,Liang
Li-Na,Ke
Mee,Tung
Guo,Wei
Li-Na,Huang
Bi,Hung
Lan,Chen
Yi-Jie,Hu
Li-Na,Huang
Kong,Chien
Jie,Tsao
Yue-Ying,Hao
Wu,He
Chan-Juan,Chin
Song,Chung
Hui,Hsiao
Qiong,Ting
Li-Wei,Meng
Tao,Chia
Lei,Feng
Lei,Tan
Hui,Su
Ying,Tsao
Park,Tien
Manchu,Tan
Chan,Tsai
Mulan,Meng
Guang,Feng
Xiu,Jen
Yuan,Tsui
Mingmei,He
Lian,Shih
Tao,Tien
Yi-Ze,Yen
Ho,Yuan
Chung,Li
Fang-Yin,Kung
Qing-Yuan,Chou
Qi,Tseng
Yong,She
Xue,Chien
Lei,Shih
Feng,Chen
Yu-Jie,Yuan
Lee,Chiu
Long,Yen
Cui,Ko
Jin,Tan
Guang,Tao
On,Hao
Liang,Chang
Cheng,Tao
Yue-Wan,Tseng
Wei,Chin
Bo,Tang
Xue,Shen
Kang,Ke
Lei,Chiang
Hu,Hao
Dewei,Chien
Xue-Fang,Tung
Feng,Pan
Yi-Jie,Hao
Shaiming,Su
Ting,Li
Na,Fu
Jian,Hu
Chan,Ku
Qiao,Chu
Wen,Tuan
Hong,Ma
Qiao,Chiang
Shaiming,Chien
Hua,Lu
Wen,Pai
Ling,Feng
Lee,Tien
Qing-Yuan,Kang
Chi,Sung
Ho,Sun
Chen,Chu
Dan,Lei
Xiuxiu,Ma
Wang,Chiang
Hsin,Chou
Tao,Meng
Lian,Tseng
Lan,Yuan
Jing,Yeh
Dong,Liao
Zhu,Hsia
Chen,Tien
Lin,He
Kong,Pan
Sun,Tang
Ping,Chiu
Hui,Kung
Manchu,Chia
Shen,Tien
Liang,Ko
Hong,Tung
Cai,Tao
Cheng,Kao
Dewei,Yeh
Mulan,Kang
Fen,Kung
Gang,Wang
Lin,Ko
Ho,Chang
Jun,Pan
Peng,Lu
Shaiming,Teng
Jiang-Li,Chang
Yi-Jie,Kao
Shing,Cheng
Genji,Chia
Zhi,Tsou
Qian,Yeh
Xue-Fang,Tien
De,Tang
E,Hsiung
Wu,Chung
Lee,Hsiung
Chung,Fan
Lin,Fan
Chan,Pan
Li-Ming,Cheng
Dai,Hsing
Lien,Tai
Xia-He,Tsui
Song,Chiang
Chyou,Cheng
An,Mai
Bao,Hou
Shen,Tao
Huan,Tai
Yu,Lu
Cong,Shih
On,He
Qiong,Yen
Guang,Hou
Wang,Chiu
Fen,Tan
Sheng,Ma
Kang,Cheng
Chi,Hao
Hui,Fang
Kang,Tsai
Li-Wei,Peng
Qiang,Kao
Chung,Sung
Dong,Chien
Fang-Yin,Hao
Guang,Lei
Shi,Shih
Qiang,Peng
Yong,Chen
Huan-Yue,Chin
On,Lung
Genji,Mai
An,Pan
Chan,Peng
Xiong,Mao
Jian,Mao
Na,Feng
Sheng,Chiang
Cheng,Hsueh
Cong,Kung
Shing,Shih
Shen,Tsai
Xiaoming,Wan
Li-Mei,Chen
Lin,Fang
Ni,Pai
Tao,Lu
Ping,Wu
Ai,Tao
Shen,Hsiao
Meng,Tan
Cui,Tang
Kang,Tsai
Tao,Chang
Xue-Fang,Hsueh
Yi-Min,Hou
Xiu,Tan
Li-Wei,Meng
Qiong,Chiang
Lee,Chiu
Fai,Chia
Mei,Han
Li-Mei,Tsui
Yul,Lei
Mulan,Ho
Jie,Chen
Xiong,Tsou
Yi-Ze,Chiu
Zhen,Liao
Cheng,Tsou
Park,He
Ming,Chou
Hui-Ying,Lu
Sying,Yeh
Mee,Cheng
Ping,Lo
Fai,Wu
Juan,Lei
Hu,Yen
Dong,Tsou
Chi,Peng
Ling,Pan
Hui,Peng
Gang,Shen
Chen,Lu
Sheng,Fan
Ying,Lu
Meng,Chen
Kang,Feng
Long,Cheng
Xiu-Juan,Meng
Park,Tsao
Yue-Ying,Tseng
Jin,Jen
Mee,Tsao
Lee,Lung
Xiang,Hung
Hui,Yen
Juan,Chang
Song,Lung
Park,Yeh
Bo,Tsui
Zhen,Chuang
Xiaoming,Chiu
Shuang,Tsui
Hsin,Shen
Shaiming,Hou
Lin-Yao,Peng
Jing,Hsiao
Hui,Tien
Jian,Chang
Yi-Ze,Chiang
Zhen-Juan,Chien
Kuan-Yin,Chen
You,Hsu
Qi,Tseng
Yue-You,Yin
Wei,Ting
Yuan,Han
Hui-Ying,Hsu
Kong,Tien
Sun,Pai
Feng,Tien
Yu-Jie,Teng
Bo,Fan
Park,Tung
Lei,Tan
Peng,Chiang
Hui,Tsao
Sying,Shen
Chyou,Chin
Chi,Lu
Shaiming,Kuo
Jiao,Liu
Sying,Tsai
Bao,Ni
Xiao-Hong,Kao
Hui-Ying,Mao
Tao,Hsueh
Fai,Yuan
Long,Chin
Song,Ke
Li-Qin,Teng
Dai,Tsai
Wei,Yeh
Yan-Yan,Hsia
Yul,Meng
Wei,Chang
Wang,Ku
Dewei,Pai
Mei,Yen
Li-Mei,Hung
Sheng,Hsueh
Ying,Han
Chen,Chung
Lili,Yen
Cui,Pan
Tain,Yuan
Tao,Hsu
Dong,Tseng
Hui,Niu
Yi,Mai
Bao,Tsui
Xiao-Chen,Mao
Shu-Fang,Ke
Yue-Yan,Sung
Mee,Tien
Feng,Jen
Da-Xia,Huang
Ho,He
Jin,Yang
Qiong,Yang
Heng,Fang
Chang,Chung
Yuan,Lai
Kuan-Yin,Hsing
Yi-Ze,Peng
Mei,Lung
Chen,Lin
Tao,Chien
Jin,Chung
Hong,Lo
Jin,Pai
Zhen,Kuo
Jin,Peng
Fai,Pan
Xin-Qian,Ko
Yi-Ze,Ho
Jun,Huang
Gang,Peng
Xue,Hsueh
Jie,Tsui
Hsin,Tien
Jia-Li,Sung
Jun,Tang
Ho,Ke
Fai,Yu
Wen,Lu
Park,Lu
Peng,Yuan
Hu,Chiang
Jun,Pan
Hong,Li
Cong,He
Sying,Yao
Shan,He
Yi,Tang
Jia-Li,Chia
Rong,Wei
Huan-Yue,Tung
Tao,Liang
Lan,Lin
Kong,Tsui
Lian,Hsu
Qiao,Lei
Gang,Mai
Lok,Feng
Chan,Tang
Meng,Shih
Manchu,Chao
Lei,Lu
Yuan,Tsao
Shi,Tseng
Wei,Chiu
Guo,Lu
Li-Rong,Liu
Zhen,Tan
Lili,Sung
Dong,Chia
Ting,Lei
Fai,Chung
Xiao-Chen,Tao
Chan,Tseng
Shaiming,He
Ming,Ting
Mee,Shao
Xiaoming,Lu
Jun,Tsui
Dan,Kao
Ting,Hao
Park,Fu
Lili,Chien
Ho,Chen
Fai,Yen
Bao,Teng
Hui,Niu
Xiong,Huang
Ying,Yen
Park,Ho
Bao,Tang
Lei,Hsiao
Ye,Chang
Li,Shih
You,Lung
Hu,Tan
Ying,Chin
Sheng,Wan
Mingmei,Mai
Li-Rong,Shao
Tain,Tuan
Yul,Lei
Cui,Tsai
Donglu,Tao
Lian,He
Tao,Yuan
Yuan,Tan
Xiu,He
Ling,Huang
Peng,Cheng
Hui,Tao
Shi,Mao
Sun,Hsiao
Ho,Hsiao
Yi-Jie,Pan
Ju,Cheng
Shing,Lu
Chang,Yuan
Shu-Fang,Chen
Hsin,Wan
Wen,Lai
Hu,Chia
Chan,Chung
Wu,Pai
Sheng,Hsiung
Yul,Shen
Yuan,Cheng
Hsin,He
Lei,Tang
Jiang-Li,Cheng
Lien,Tang
Jin,He
Yi-Min,Tsui
Ye,Hou
Rong,Tsai
Jin,Chu
Xia-He,Cheng
Guang,Lu
Lin-Yao,Tu
Yue-Ying,Chien
Xiong,Hsiung
Jin,Chung
Lili,Fan
Xia,Yao
Wan,He
Chi,Mai
Lei,Chiu
Yong,Li
Ying,Chen
Hsin,Tang
Meng,Mao
Yue-Yan,Chen
Song,Chien
Shing,Huang
Lixue,Jen
Ni,Tseng
Li,Niu
Guo,Peng
Yue-Wan,Pan
Lei,Yeh
Zhen-Juan,Chien
Li-Na,Yu
Genji,Ma
Dewei,Hao
Yu-Jie,Lei
Lien,Fang
Rong,Chien
Hong,Tung
Ming,Hung
Guo,Lin
Gang,Pan
Lei,Tung
De,Cheng
Liang,Shen
Tain,Chao
Peng,Fu
Shi,Tao
Bao,Yen
Xiao-Chen,Wu
Bo,Kung
Fang,Feng
Cheng,Lo
Gang,Cheng
Ni,Lo
Cheng,Tuan
An,Chiang
Rong,Fu
Rong,Tsou
Tao,Mao
Yong,Kao
Ting,Wan
Yue-You,Tien
Tao,Hou
Shen,Kung
Heng,Peng
Mei,Hsieh
Wen,Tan
Chan,Fang
Genji,Tseng
Yi-Ze,Jen
Shan,Niu
Heng,Fan
An,Tuan
Zi,Tien
Xin-Qian,Ma
Chung,Cheng
Liang,Lin
Jun,Tien
Wan,Tuan
Chan,Yuan
Jia-Li,Liao
Cai,Kuo
Lin,Pai
Li-Ming,Tsao
Jun,Hou
Chung,Lei
Dong,Pan
Chan,Peng
Xiu-Juan,Yu
Xiaoming,Yao
Li,Niu
Shaiming,Tao
Zhen,Yen
Xiuxiu,Chuang
Cong,Chao
Yong,Chiu
Wen,Lei
Li-Qin,Ke
Wang,Peng
Chow,Shih
Zhu,Huang
Shaiming,Ke
Dewei,Chang
Ye,Chien
Sying,Ma
Xin-Qian,She
Heng,Ting
Jun,Lu
Qian,Mao
Hua,Lai
Tao,Mao
You,Hsu
Cai,Peng
Shu,Tang
Long,Hsu
Ting,Yao
Shan,Peng
Sheng,Lo
Jie,Ho
Ye,Niu
Chang,Tien
Yan,Tsui
Li-Na,Chang
Xin-Qian,Niu
Chan,Tai
Xiao-Chen,Cheng
Yue-Yan,Tseng
Yi-Jie,Yu
Yong,Ho
Sun,Fu
Xiuxiu,Kuo
Sying,Sun
Peng,Hao
Ho,Hao
Tao,Tsou
Li-Na,Tu
Fang-Yin,Tung
Yi,Niu
Mingmei,Tu
Hong,Wang
Bao,Tsui
Chi,Ni
Qiang,Chung
Shi,Peng
Dong,Niu
Sun,Hsieh
Meng,Hsueh
Qing-Yuan,Tien
Huan,Peng
Juan,Tan
Li-Mei,Yen
Sun,Chien
Wen,Kuo
Jin,Liao
Ye,Hsiao
Dai,Fang
Jiang-Li,Yin
Tao,Hsueh
De,Yao
Hui,She
Shi,Lung
Yi-Min,Chuang
Li,Hu
Kong,Kuo
Xiang,Hu
Yu,Chu
Da-Xia,Yu
Xiao-Chen,Lo
Ping,Lei
Feng,Ku
Hong,Lung
Fen,Tsou
Shaiming,Lu
Guo,Hsiung
Guo,Tung
Bo,Chin
Shuang,Tan
Hui,Ho
Xiong,Tsou
Tao,Wang
Song,Ni
Huan-Yue,Wan
Song,Chang
Zhen,Hsieh
Jin,Liu
Xiuxiu,Teng
Lei,She
Yong,Ni
Jie,Tsao
Shu,Tang
Ye,He
Yue-You,Hsu
Cong,Su
Jun,Chin
Jian,Yin
Hua,Fu
Chyou,Tsao
Bo,Yen
Bao,Hsu
Li-Rong,Meng
Lin,Tsai
Xiao-Chen,Tsou
Genji,Tsao
Xiao-Hong,Tsao
Li-Rong,Tsai
Jiao,She
Yan-Yan,Pan
Yan-Yan,Chien
Qi,Kung
Xiao-Chen,Hung
De,Yeh
Bo,Liang
Jiang-Li,Fang
Chow,Sung
Dong,Shen
Yi,Tao
Li-Hua,Tuan
Yi-Min,Tien
Zhen,Kung
Mingmei,Wu
Mee,Kang
Sying,Lo
Song,Lei
Tao,Chao
Manchu,Yuan
Jin,He
Wei,Pan
Shing,Fang
Yu,Fan
Kuan-Yin,Hsu
On,Chiu
Xiuxiu,Peng
Jun,Wu
Chen,Yeh
Li-Mei,Cheng
Yi-Jie,Meng
Wu,Lai
Shaiming,Yen
Chan,He
Jie,Kao
Yue-Wan,Cheng
An,Ko
Zi,Tien
Dai,Feng
Long,Yuan
Long,Lai
Yi-Min,Chung
Wang,Tuan
Yong,Tan
Tao,Peng
Ting,Yuan
Hui,Pan
Xiong,Tang
Zhu,Han
Zhen,Fu
Donglu,Peng
Jin,Hu
Long,Fu
Lili,Shao
Mee,Cheng
Yue-You,Ku
Wen,Yen
Qing,Wei
Lili,Tao
Gang,Chen
Kuan-Yin,Hsueh
Jiao,Jen
Ai,Ku
Peng,Chiu
Shing,Lai
Chung,Kung
Jiao,Tang
Tao,Liao
Qiao,Chou
Wen,Wu
Xia-He,Hsu
Hui-Ying,Yang
Wu,Lei
Xue-Fang,Ting
Jing,Hung
Peng,Pan
Yue-Ying,Tao
Lok,Chen
Li-Na,Liang
De,Cheng
Wang,Kuo
Huan-Yue,Wang
Yi-Min,Hsu
Kuan-Yin,Hsu
Kong,Ting
Ying,Wan
Ping,Hung
Qiao,Yeh
Xin-Qian,Kung
Cai,Tang
Tain,Peng
Guo,Chao
Wang,Hsiung
Zhen,Tung
You,Chiu
Donglu,She
Lian,Mai
Wei,Wan
Shu,Tseng
Bao,Chin
Zhi,Shao
Cai,Feng
Hong,He
Jun,Lung
Shaiming,Hsiao
Kang,Huang
Sying,Ku
Sheng,Wan
Dan,Tan
Xian,Chin
Xue,Tien
Ho,Cheng
Hui-Ying,Feng
Lee,Yuan
Ho,Lin
Shen,Tsao
Kang,Pai
Qiong,Mai
Ho,Wei
Lien,Yang
Jun,Kuo
Dong,Tsao
Rong,Chin
Hu,Shih
Ai,Tsao
Li-Mei,Su
Peng,Lei
Park,Tsui
Guang,Hsueh
Yuan,Lin
Chung,Hou
Lee,Li
Xiao-Chen,Wang
Sying,Ni
Yuan,Hao
Jie,Tang
Xiong,Chu
Huan,Cheng
Cong,Hsieh
Li-Ming,Kung
Yan,Chen
Tao,Lu
Guo,Yang
Li-Na,Su
You,Tai
Hsin,Yu
Park,Lu
Bao,Pan
Qiong,Tao
Xiao-Chen,Tuan
Zhen,Wu
E,Chuang
Xiao-Chen,Lu
Sun,Cheng
Yue-You,Hsiung
Jian,Tang
Chung,Ni
Shan,Chin
Dewei,Hsia
Mingmei,Pai
Na,Ke
Lok,Lai
You,Tao
Meng,Tsao
Yue-Ying,Pan
Dong,Chin
Xiang,Yang
Xian,Tsai
Sheng,Lin
Hu,Ho
Zhi,Tsui
Mei,Yao
Cong,Pai
Kuan-Yin,Fang
Li,Hsiung
Mee,Wu
Li,Lai
Xiong,Tsui
Cai,He
Li,Lei
Feng,Liu
Chi,Sun
Qing,Li
Song,Yang
Ying,Chia
Liang,Chien
Shan,Yuan
Liang,Tien
De,Tao
Chung,Hsiung
Lok,Kang
Ye,Ma
You,Tsao
Lien,Lo
Yuan,Yang
Yul,Ma
Jia-Li,Wu
Xiu-Juan,She
Xiuxiu,Kung
Chow,Liao
Sheng,Wei
Zhu,Hsieh
An,Tseng
Chyou,Tuan
Kong,Pan
Qiao,Kang
Hui-Ying,Hou
Wei,Ma
Wen,Lung
Chan-Juan,Tien
Lian,Ma
Zhu,He
Gang,Chiu
Jian,Li
Xiong,Chiang
Hui,Tsao
Gang,Peng
Kong,Jen
Yul,Lei
Cong,Mai
Bao,Pan
Jin,Hsia
Feng,Tai
Ai,Tung
Hui-Ying,Chung
Xiao-Chen,Cheng
Xiu-Juan,Liao
Song,Yao
Lin,Chia
Tain,Tsui
Ning,Yu
Chung,Lai
Yu-Jie,Hsing
Li-Mei,Kung
Chang,Tao
Shing,Chang
Lin,Pan
Jian,Cheng
Liang,Lu
Xiao-Chen,Feng
Ning,Tang
Jing,Feng
Qiao,Ku
Yul,Tu
Jiao,Fan
Shan,Hsueh
Shen,Hsia
Na,Chou
Jia-Li,Ke
Wu,Meng
Sheng,Chu
Cui,Mao
Hui,Peng
Chang,Chang
Yu,Chu
Fang-Yin,Chien
Genji,Peng
Long,Pai
Chung,Tsao
Shu-Fang,Mao
Hui-Ying,Sun
Xian,Chen
Ju,Yuan
Jia-Li,Kao
Ning,Chu
Li-Mei,Wang
Ming,Sun
Yuan,Hsia
Lee,Tsai
Li-Ming,Hsing
Kong,Tien
Ju,Hung
Li-Rong,Lin
Hui,Tien
Huan-Yue,Pai
Guan-yin,Chia
Yue-Yan,Ku
Meng,Sun
Jiao,Tan
Xiaoming,Tuan
Lin-Yao,Han
Lei,Hsu
Xin-Qian,Yeh
Lei,Meng
Hong,Ke
Cheng,Tang
Li-Wei,Kung
Sying,Hsu
Shi,Tan
Shen,Yu
Jie,Yu
Sying,Tsui
Yi,Tao
Ye,Chang
Qiong,Liao
Lian,Meng
Bo,Tsao
Bo,Lu
Ju,Lei
Long,Fu
Lee,Lung
Sun,Lung
Yi-Ze,Tsai
Jin,Tao
Ting,Kung
Ye,Lu
Lixue,Pan
Guan-yin,Huang
Kong,Shih
Li,Tan
Ming,Tao
Cai,Tang
Tain,Kao
Sheng,Tan
Tao,Chao
Shu,Yao
Wei,Chin
Xiuxiu,Li
Peng,Tu
Yue-Ying,Chou
Long,Peng
Chan,Hao
Meng,Feng
Na,Wei
Sheng,Cheng
Sun,Tsou
Zhi,Wu
Bo,Jen
Mee,Kao
Ting,Hsu
Yi-Ze,Teng
Yul,Tseng
Jun,Kao
Lee,Wan
Yan-Yan,Fu
Xin-Qian,Wang
Ling,Sung
Li,Tseng
Lien,Lu
Na,Liang
Yi,Tsui
Shaiming,Ni
Xue,Lu
Xia,Chen
Zhen,Chin
Hsin,Pan
Na,Tien
Meng,Jen
Dong,Fan
Hua,Tao
Heng,Tu
Ye,Pai
Ming,Hsu
De,Peng
Xiong,Pai
Bao,Chiu
Wang,Wang
Kang,Wei
Ning,Tien
Jin,Ku
An,Chung
Gang,Tao
Chyou,Su
Yong,Sung
Bo,Tseng
Guang,Ho
Lee,Chuang
Yong,Han
Wu,Tsui
Chi,Tsao
Zhen,Tuan
Zi,Pan
Yu,Chin
Feng,Lu
Juan,Su
Jie,Pan
Zhu,Yu
Rong,Chou
Shing,Lo
Ting,Feng
Qiang,Fang
Xiong,Tseng
Guan-yin,Kao
Lien,Peng
Hsin,Ting
Rong,Tung
Fai,Jen
Qiong,Hsia
Yul,Wang
Lin,Tseng
Lin-Yao,Chen
Chyou,Kung
Wei,Tsui
Shuang,Ting
Yuan,Yen
Kuan-Yin,Chen
Lei,Tsui
Kong,Pan
Yi,Peng
On,Ke
Qi,Kuo
Yan-Yan,Tang
Cong,Tsai
Song,Kuo
Dewei,Hsiao
Lee,Tan
Wang,Lu
Hua,Sun
Yong,Lu
Chan,Chiu
Chen,Tao
Chen,Chou
Chung,Tai
Long,Jen
Chi,Pai
Hui,He
Yue-Ying,Lai
Lian,Li
Mei,Jen
Jiao,Tsai
Da-Xia,Hsu
Shan,Yu
Li-Wei,He
Dong,Lung
Sheng,Ma
Cheng,Chang
Shuang,Kung
Zhen,Kung
Gang,Yao
Chan,Yen
Lei,Chiu
Lin,Ho
Donglu,Hsueh
Cheng,Lo
An,Ni
Jia-Li,Feng
Li-Wei,Shih
On,Hsing
Chi,Pai
Li-Mei,Tao
Liang,Teng
Long,Chin
Lian,Yang
Dan,Chen
Yuan,Tsou
Da-Xia,Tao
Bo,Chen
Wang,Sung
An,Jen
Xiaoming,Sun
Ning,Shen
Cong,Chiu
Sun,Tsui
Zhen,Kao
Bao,Meng
You,Chin
Lian,Fan
Liang,Ke
Jin,He
Feng,Hou
Fai,Chuang
Feng,Hsieh
Guo,Hsing
Lee,Lin
Hu,Yu
On,Hou
Wei,Fan
You,Hsueh
Xiu,Hu
E,Tsui
Qing-Yuan,Hung
Xiu,Kuo
You,Tu
Chi,Liao
Yi-Ze,Ting
Hui,Liao
Fen,Hu
Wu,Huang
Hua,Lu
Dewei,Lo
Chow,Meng
Yan,Hsiao
Chi,Sung
Sheng,Ting
Yue-Ying,Tseng
Rong,Tuan
Hsin,He
Chow,He
Li-Na,Mai
Shu-Fang,Tao
Na,Ni
Yue-Wan,Liu
Yan,Lai
Mei,Ma
Jiao,Chiu
Sun,Chu
Guo,Wei
Wen,Lung
Yi,Li
Dan,Lei
Li,Tien
Li-Rong,Hung
Qi,Kung
Kong,Lu
Gang,Su
Cai,Mai
Hua,Kung
Cong,Tuan
You,Yang
De,Shen
Sun,Wan
Ni,Lei
Lee,Peng
Yi,Li
Gang,Yeh
Jun,Yao
Feng,Shih
Tao,Yuan
Chung,Lung
Zhen,Li
Cai,Tsui
Hsin,Hao
Gang,Kung
Ying,Hu
Xue-Fang,Kung
Cheng,Fan
Zhu,Tao
Fang-Yin,Chung
Lin-Yao,Kung
On,Hsueh
On,Chou
Yun,Lo
On,Wei
Yul,Hu
Ying,Chiang
Xiong,Wang
Shen,Hsiung
Park,Tai
Lien,Ting
Lei,Ko
Juan,Tu
Yul,Yu
Kang,Chin
Long,Huang
Li-Wei,Wan
Dong,Chia
Sheng,Hu
Shen,Wu
Yi-Jie,Chang
Park,Yin
Cai,Yuan
Chen,Chia
Chi,Cheng
Ho,Chiang
Shu-Fang,Wang
An,Tao
Kang,Hu
Ting,Ku
Yuan,Lu
Ning,Tai
Dong,Chang
Dewei,Ma
Chung,Pan
Jie,Chiang
Jun,He
Shu,Tu
Liang,Ke
Xue-Fang,Chao
Yuan,Hsueh
Cheng,Yao
Qiang,Kung
Xiu,Wan
Jun,Chin
Bo,Chin
Jiang-Li,Tu
Xian,Lu
Zhu,Lin
Jing,Kang
Xue-Fang,Chiu
Yue-Ying,Liang
An,Meng
Xia,Hsieh
Rong,Tuan
Li,Cheng
Xiu-Juan,He
Chan,Mao
Li-Mei,Lin
On,She
Cong,Tang
Wei,Lu
Wu,Hsia
Xiu-Juan,Hsueh
Kang,Su
Yul,Lu
Jiao,Tien
Tain,Cheng
Shi,Tsai
Shu,Hsueh
Kang,Hung
Wu,Chen
Hu,Meng
Mee,Tai
Zhu,Hsing
Lian,Chia
Shan,Pan
Dong,Tien
Yan-Yan,Ku
Lei,Tung
Xiao-Chen,Shen
Yan,Wu
Hsin,Pan
Heng,Tsui
Jian,Pai
Xiong,Yu
Meng,Chou
Chan,Chiu
Li,Yeh
Cai,He
An,Hsia
Na,Chu
Ming,Tan
Mee,Niu
Hsin,Kao
Yue-You,Tsui
Rong,Tsao
Yu,Tu
Hong,Wan
Gang,Teng
Lin-Yao,Ko
Mee,Chu
Park,Tsui
Shing,Lo
Chyou,Tseng
An,Peng
Xiuxiu,Tao
Yun,Shen
Jing,Kang
Yuan,He
Hui,Chia
Wang,Chung
Yan-Yan,Ku
Jiao,Chu
Li-Wei,Hsia
Cui,Tao
Guan-yin,Tao
Li-Ming,Lei
Lan,Hsieh
Cheng,Hu
Shu,Shen
Li-Rong,Shao
Lixue,Fang
Lian,Kao
Ye,Hsiung
Zhen,Ho
Qian,Tang
Lin-Yao,Chia
De,Yuan
Li,Pai
Yan,Kuo
Xiong,Hu
Wang,Ma
An,Tang
Qing-Yuan,Feng
Chang,Pan
An,Teng
Xia,Yuan
Ting,Lai
Chi,Wang
Qing-Yuan,Cheng
Hua,Shih
Lixue,Lu
Zhi,Huang
Rong,Chung
Zhen-Juan,Tsao
Shen,Mai
Huan-Yue,Wu
Jian,Hsu
Xue-Fang,Tsai
Lian,Tsao
Cheng,Liang
Juan,Chin
Zhen,Kang
Qi,Lin
Lok,Hou
Kong,Huang
Mei,Hsiao
Zhen,Chao
Xiu-Juan,Shen
Cong,Yuan
Xue-Fang,She
Yan,Chin
Guang,He
Zhen,Wei
Kang,Hsueh
Chyou,Ku
Hsin,Hsu
Bo,Ho
Shaiming,Liu
De,Yeh
Yi-Ze,Tsui
Jie,Chou
Dewei,Tai
Jian,Teng
Lili,Chang
Heng,Lu
Chang,Wan
Wu,Tu
Mee,Chung
Li-Hua,Wan
Qing,Tung
Shing,Kung
Fang-Yin,Ho
Ping,Ma
Xue,Tsai
Li-Ming,Sun
Ming,Chiu
Wang,Jen
Hsin,Yang
Lee,Mao
Li-Na,Lei
Peng,Liu
Manchu,Yao
Chow,Ni
Huan-Yue,Yang
Yue-Ying,Tsui
Xue,Tan
Lien,Fang
Hua,Peng
Wen,Liao
Chi,Chou
Fang,Fu
Wei,Chia
Li,Hsueh
Cai,Hsia
Xiong,Chiu
Jun,Mai
Bi,Teng
Yue-Yan,Hou
Gang,Chang
Chen,Tan
Xiao-Hong,Kung
Yuan,Chang
Jun,Shih
Yu,Pai
Qiang,Lo
Huan-Yue,Liao
Ye,Fu
Gang,Tuan
Jie,Hsueh
Cong,Sun
Li-Rong,Hsing
Shi,Tang
Xia-He,Hu
Bo,Sun
Park,Tsao
Chan-Juan,Jen
Bao,Hsiao
Chan,Hung
Lin,She
Jun,Wei
Dewei,Teng
Tao,Lung
Shu,Su
Wu,He
Ho,Pai
Yuan,Hung
Cong,Fan
Lei,Hsing
Lili,Tsao
Cui,Ma
Guang,Liang
Yi-Min,Ho
Chi,Chang
Rong,Tseng
Na,Tien
Zhu,Tien
Yu-Jie,Pan
Sun,Ni
Bo,Chien
Bao,Niu
Cai,Wu
Long,Chung
Fang-Yin,Hsu
Kang,Hu
Guang,Yu
Yan,Hsueh
Xue,Fang
Guo,Cheng
Bo,Hsing
De,Kuo
Song,Ni
Chen,He
Yuan,Chin
Tao,Yin
Zi,Yang
Jian,Tseng
Ju,Tai
Li-Hua,Tseng
Zhen,Tan
Wu,Chao
Hui,Yuan
Guang,Mao
Ting,Fu
Chung,Yang
Xiong,Chou
Heng,Chien
Meng,Chin
Jian,Hsing
Yan-Yan,Ni
Jian,Ho
Hu,Chao
Shan,Lin
Tao,Yu
Ning,Hou
Chow,Wei
Wu,Chuang
Cai,Chen
De,Chao
Lok,Tsui
Hui,Tsui
Li-Mei,Peng
Qian,Tao
Jie,Liu
Zhen,Hou
Kuan-Yin,Teng
Qing-Yuan,Hsieh
Yul,He
Yi,Ma
Li-Hua,Tai
Jie,Wan
Hu,Chung
Ying,Yu
Na,Tu
Feng,Lai
Wan,Kuo
Mei,Teng
Bi,Lin
Fai,Ke
Donglu,Tsui
An,He
Cong,Sung
Jian,Hsueh
Sheng,Chen
Li,Tsai
Ning,He
Yi-Min,Tao
Sun,Chao
Huan-Yue,Sun
Ming,Tsui
Xiuxiu,Tang
Chan,Chien
Sun,Tung
Zi,Yen
Tain,Lung
Donglu,Tsou
Tao,Lung
Wei,Sun
Wen,Hao
Shan,Pai
Wei,Tsui
Yuan,Huang
Manchu,Hsueh
Xiu,Teng
Ping,Chen
Yul,Ku
Yul,Tao
Shu-Fang,Peng
Lian,Wu
Kong,Liang
Ting,Chuang
Na,Liang
Wei,Su
Mulan,Huang
Xia-He,Tao
Cheng,Kuo
Guo,Hsueh
Sying,Hsueh
Fang-Yin,Yin
You,Tien
Mulan,Peng
Mei,Chin
Chung,Lung
Ming,Jen
Jie,Lung
Zhi,Chiu
Li-Mei,Liao
Sheng,Chin
Hui,Chu
Yuan,Tu
Cai,Chen
Chi,Tien
Yi,Peng
Jing,Lin
Wei,Chiu
Liang,Wu
Ming,Chang
Jie,Sun
Shuang,Ni
Jie,Pai
Jiao,Sun
Li-Wei,Tien
Ni,Chiu
Rong,Wu
Xin-Qian,Tsou
Lian,Kung
Cai,Hsing
Lian,Liang
Wu,Ko
Long,Chu
Li-Hua,Chao
Yu,Su
Li-Ming,Chen
Peng,Yao
Chow,Wei
Lee,Lu
Yi-Jie,Tan
Jiao,Tao
An,Hsiao
Yan-Yan,Teng
Tao,Sung
Li-Rong,Yu
Wei,Ho
Li-Qin,Chen
Hua,Chiu
Yi,Chang
Park,Tung
Zhi,Chiu
Gang,Wei
Zhen,Liao
Jia-Li,Hsu
Bo,Tsai
Sun,Yang
Yong,Mai
Chen,Ting
Shen,Chin
Cong,Kang
Park,Tuan
Cai,Tsao
Hua,Tan
Jie,Sun
Guang,Pan
Wang,Su
Ming,Liu
Lian,Niu
Yul,Ni
Shaiming,Chia
Li-Na,Ke
Shing,Lu
Feng,Teng
Zhen,Kung
Dan,Yao
Cong,Yuan
Lee,Chiang
Hui,Liu
Tao,Chang
Jun,Teng
Tain,Lung
Lei,Tuan
Chan-Juan,Lu
Xiuxiu,Hsieh
Jiang-Li,Hung
Ning,Chuang
Hui,Han
Lin,Lai
Xue-Fang,Hsieh
Donglu,Tang
Kang,Hsing
Guang,Yu
Shuang,Hsu
Fai,Sung
Yi,Yen
Bi,Teng
Song,Chiu
Lee,Chang
Li-Rong,Fang
Xiu,Pan
Manchu,Yuan
Li-Qin,Yuan
Wei,Lo
Genji,Lu
Ping,Chung
Chyou,Meng
Jie,Chin
Dan,Yao
Sheng,Yuan
Ping,Chu
Jun,Lu
Shing,Shih
Qiong,She
Zhen,Chung
Fai,Kuo
Ye,Yu
Ye,Pan
Xia,Hsieh
Wan,Cheng
Yi-Ze,Tseng
Mei,Pan
Manchu,Lu
Meng,Tai
Lin-Yao,Tsai
Lei,Sun
Manchu,Liang
Lien,Hsu
Kuan-Yin,Chang
Chyou,Tao
On,Chen
Huan,Chiu
Cheng,Huang
Meng,Yang
De,Hung
Cheng,Lu
Fen,Tsai
Yan,Meng
Shi,Chu
Jie,Liang
Li-Ming,Kung
Wu,Yuan
Na,Mao
Liang,Tien
Gang,Hsing
Xiong,Chu
Hu,Hung
Li-Na,Cheng
Hui-Ying,Hsieh
Chi,Kuo
Da-Xia,Yen
Jin,Yuan
Gang,Chien
Li-Mei,Chen
Chung,Chang
Dan,Hung
Chung,Liao
Sun,Lin
Park,Huang
Yi,Ting
Xiuxiu,Chien
Sun,Tao
Jie,Ni
Ho,Sun
Hui,Yu
Dan,Yu
Ting,He
Li,Chiang
Na,Yuan
Wei,Chu
Xiao-Chen,Hsiao
Zhi,Hao
Jing,Lei
Shu-Fang,Tang
Yuan,Chiang
Xue-Fang,Chin
Shing,Chung
Ju,Tang
Park,Hsu
Yong,Chin
Jin,Lo
Yuan,Li
Jia-Li,Sun
Heng,Chen
Yi-Min,Tsui
E,Pan
Ying,Tao
Dewei,Lei
Guan-yin,Yuan
Sun,Liang
On,Liang
Kang,Ma
Liang,Ku
Lili,Hsu
Yu-Jie,Tai
Cai,Fu
Ai,Yen
Zhen,Han
Rong,Jen
Bo,Kung
Li-Na,Chien
Yong,Han
Yi,Mai
Xiu,Hsu
Jin,Chiu
Li-Na,Shih
Cheng,Tao
Shing,Kung
Yue-Ying,Yao
Cheng,Tseng
De,Yeh
Fen,He
Yul,Teng
Yue-Wan,Pai
Ming,Chiu
Yue-Wan,Tsai
Zhen,Tan
Shen,Hsueh
Rong,Lei
Feng,Chou
Bo,Hsia
Hu,Chiu
Park,Su
Mulan,Ting
Ting,Peng
Lei,Peng
Park,Pan
Shing,He
Wen,Liu
Dong,Chin
Mei,Chang
Shu-Fang,Chung
Li-Qin,Li
Mee,Hung
An,Lu
Li,Hsu
Qing,Huang
You,Liang
Ming,Peng
Tao,Cheng
Park,Fu
Hsin,Tao
Li-Mei,Chien
Shan,Han
De,Pai
Ming,Yu
Chyou,Chou
Cai,Ho
Zhen,Lu
Li-Na,Shih
Hui-Ying,Yen
Li,Hsueh
Xiu-Juan,Tuan
Fai,Tu
An,Ma
Long,Chia
Huan,Fu
Lixue,Hsia
Yue-Ying,Tang
An,Wei
Qiao,Chu
Wu,Tai
Xin-Qian,Hu
Liang,He
Sheng,Chuang
Lei,Pai
Heng,Chen
Ni,Shih
Yan-Yan,Fu
Sheng,Hao
Shen,Tan
Lok,Fu
Da-Xia,Yu
Lok,Mao
Ying,Hsiao
Jing,Fu
Xiang,Feng
Shing,Chao
Chan,Tsai
Mei,Wan
Park,Chin
Yu,Yu
You,Yu
Hong,Hsia
Feng,Tan
Chung,Ku
Chi,Chou
Dewei,Han
Cong,Kao
Ho,Tien
Feng,Tang
Jian,Liu
Yue-You,Pai
Jiang-Li,Chin
Tao,Chang
Tain,Chin
Chi,Hsia
Shan,Sun
Chan,Lung
Ai,Pai
Jin,Hsieh
Huan,Chao
Peng,Shih
Hsin,Fan
Shi,Kung
Dan,Tien
Dai,Shao
Guo,Yu
Lee,Chiu
Sying,Kao
Kang,Tuan
Hu,Feng
Chan,Kao
Wei,Yuan
Song,Chia
Huan,Yang
Dan,Wan
Wu,Lai
Ying,Tsai
Wen,Wang
Yu-Jie,Chiu
Manchu,Lai
Na,Hsu
Yu-Jie,Tu
Hui-Ying,Kung
Li-Ming,Kang
Xian,Hsiao
Lee,Sung
Fang,Chien
Tao,Ke
Zhi,Yu
Jing,Ting
Ho,Hsiao
Qiong,Feng
Wei,Tung
On,Hu
Chan-Juan,Pai
Liang,Yeh
Bao,Yu
Yu,Chiu
Zhu,Chang
Xiong,Hsueh
Lian,Tan
Manchu,Chin
Zhen,Chien
Jiao,Yeh
Kong,Tien
Lian,Hsueh
Song,Shen
Bao,Hung
Jun,Tien
Lok,Cheng
Ye,Mai
Xiuxiu,Lin
Lee,Fan
Yan,Hsia
Wan,Chuang
Jin,Ho
Li,Chiang
Fang-Yin,Pan
Guang,Tan
Xiuxiu,Jen
Ting,Lung
Li-Na,Chien
Fen,Chou
Xiang,Yen
Yan-Yan,Chien
Ming,Hsing
Qian,Tien
Chang,Pan
Feng,Chien
Lei,Ting
Lian,Kuo
Chyou,Peng
Bo,Chen
Jin,He
Lixue,Wu
Jiang-Li,Ting
Lian,Tu
Wei,Tsao
Bi,He
Dai,Hsing
Ho,Tuan
Cheng,Lei
Li-Wei,Lu
Ping,Wei
Xia,Chiu
Donglu,Chiang
Jian,Chao
Cheng,Tsao
Li-Mei,Wang
Chan,Ku
Liang,Shih
Yue-Yan,She
Chen,Tsao
Wei,Pan
Long,Kang
Chan-Juan,Sung
Shi,He
Cui,Kao
You,Fang
Qiang,He
Jiang-Li,Chien
Ho,Chang
Hong,Lei
Jun,Yu
Yi-Jie,Chiang
Peng,Yu
Ling,Chien
Xiong,Liao
Xia-He,Tsou
Cai,Sung
Dai,Ting
Yue-Ying,Lai
Bao,Feng
Guo,Chang
Hui,Tseng
Yue-Ying,Wang
Xiong,Mao
Yan-Yan,Lo
Chang,Niu
Jin,Chung
Dewei,Niu
Zi,Han
Li-Qin,Mao
Sun,Tsai
Hui-Ying,Peng
Lian,He
Li-Wei,Ni
An,Lu
De,Hsia
Park,Li
Cong,Feng
Yul,Chen
Jiang-Li,Chao
Qiao,Yuan
Zhen,Chiu
Sheng,Peng
Hu,Tsui
Li-Mei,He
Lei,Fu
Jun,Chien
Donglu,Han
Yul,Wang
Xiao-Chen,Hsu
Lian,Hou
Cai,Hou
Li-Hua,Tung
Bao,Kang
Xue-Fang,Tao
Xiuxiu,Yao
Wei,Wei
Feng,Hung
Juan,Tang
Chung,Sun
Jia-Li,Lin
Zhen,Yang
Shing,Teng
Yun,Cheng
Yi,Peng
Meng,Sun
Da-Xia,Lei
Zhen,Chung
Lee,Feng
You,Chen
Yi,Tung
Ping,Hsueh
Ho,Yeh
Peng,Liang
Wei,Hung
Rong,Chang
Chang,Tai
Huan,Hsiung
Chow,Ho
Fai,Hsueh
Jie,Tsui
Kong,Niu
Mei,Li
Lian,Hsueh
Manchu,Chen
Ning,Hou
Song,Tang
Dai,Yeh
Shen,Peng
Xiao-Chen,Ni
Chung,Hsing
Yi,Fu
Yi-Jie,Lo
Yue-Ying,Su
Rong,Pan
Tain,Yu
Song,Yang
Liang,Cheng
Xiong,Hsia
Wei,Ni
Ye,Fu
E,Hsing
Yong,Chao
Hong,Yu
Li,Liao
Wen,Tsai
Yue-Wan,Hsieh
Yue-Wan,Tien
Lok,Cheng
Park,Tu
Gang,Lin
Fang-Yin,Shao
Li-Mei,Lei
Hu,Chia
Qian,Hsu
Kang,Su
Wen,Chen
Bao,Tuan
Wen,Kang
Manchu,Wang
Yuan,Sung
Lien,Ku
Kang,Hsueh
Wen,Yuan
Chi,Hsu
Qiong,Liao
Hsin,Huang
Yi,Ho
Shi,Liu
Wei,Fan
Jin,Lung
Yi-Jie,Feng
Chen,Lu
Xiao-Hong,Liang
Li-Na,Tsai
Qi,Tsui
Cheng,Lai
Lixue,Wang
Li-Na,Su
Guang,Su
Shing,Ni
Wu,Chiu
Dai,Yeh
Mei,Ma
Kong,Sun
Huan-Yue,Tsao
Xiong,Su
Kong,Tao
Ming,Ma
Cheng,Chin
Wei,Yuan
Jun,Chen
Qing-Yuan,Hsueh
Cong,Li
Sheng,Yang
Yun,Chao
Qing-Yuan,Yin
Jing,Huang
Jian,Hsueh
Li-Mei,Lung
Jia-Li,Hung
Mei,Peng
Qi,He
Shu,Tsou
Yuan,Hsing
Yi-Min,Yu
Yuan,Chou
Li,Tseng
Sheng,Mao
Xue-Fang,Ma
Li-Mei,Teng
Hui,He
Li-Hua,Hou
Sying,Chiang
Jie,Pan
Zhen,Tsui
Bao,Chiu
Li-Hua,Yuan
Chen,He
Guo,Chin
Shuang,Chung
Wan,Tsao
Qian,Tsui
Lian,Hsueh
Qiao,Feng
Donglu,Tung
Zhen,Chin
Sun,Hsiao
Jin,Yuan
Li-Rong,Wei
Ning,Ko
Tain,Hu
Chen,Teng
Wei,Chang
Chan,Peng
Mulan,Lin
Liang,Kao
Yi-Ze,Hsu
Xia,He
Chan,Hsu
Guo,Fu
Park,Lo
Tao,Yao
Wang,Hu
Bo,Fan
Juan,Chia
Xian,Yu
Chang,Yeh
Hui,Wei
Jin,Hsing
Lin,Chang
Song,Chung
Hu,Kao
An,Liu
Yi,Sun
Sun,Wang
Cai,Lo
Peng,Tao
Xiong,Tien
Shen,Tsai
Xiu,Tu
Manchu,Tao
Chung,Liu
Hu,He
Zhen,Tang
Manchu,Cheng
Jiang-Li,Liang
Lili,Hsu
Rong,Shih
Zhu,Mai
Liang,Shih
Lok,Tai
Xia-He,Chiang
Yi,Mai
Shing,Yu
Wei,Tan
Meng,Yin
Cui,Li
Wu,Chiu
Zi,Kung
Xin-Qian,Shen
Wen,Fu
An,Tao
Li-Ming,Liang
Long,Tseng
Wen,Chu
Sun,Chen
Liang,Chang
Wei,Tang
Cong,Lung
Feng,Tan
Yi,Tsui
Chen,Tao
Li-Wei,Su
Cheng,Yen
Gang,Peng
Dewei,Tan
Ming,Ma
Bao,Chien
Mei,Lu
Lok,He
Guo,She
Lei,Chang
Ling,Yuan
Lan,Shih
Jin,Tien
Kuan-Yin,Tsai
Yi-Ze,Hsiao
Shi,Peng
Mulan,Chen
Hui-Ying,Hung
Guo,Tan
Xiuxiu,Meng
Lei,Niu
Dewei,He
Park,Hao
Sheng,Tseng
Yi,Tang
Bo,Lu
Xiu-Juan,Tan
Li-Qin,Kung
Shing,Hao
Fang-Yin,Cheng
Chan-Juan,Fan
Cheng,Hsing
Hsin,Pan
Dai,Yuan
Bi,Teng
Qiao,Tang
Jiang-Li,Chuang
Huan,Yuan
Dan,Tao
Kong,Shao
Feng,Li
Chi,Tsui
Bao,Hsueh
Shi,Lin
Fai,Hu
Hu,Ko
Sying,Tan
Jing,Li
Lian,Lo
Yong,Yeh
Qing,Kao
Shen,Su
Qiang,Teng
Xiao-Chen,Chin
Guo,Chiu
Genji,Yao
Chan,Lo
Yong,Yu
Li,Hsueh
Dewei,Tsou
Li-Rong,Jen
Bo,Tao
Kong,He
Lian,Hsing
Meng,Shen
Jin,Chang
Jiao,Hsu
Yuan,Hsu
Yu,Hsia
Gang,Hsu
Shing,Tseng
Qiao,Liao
Chan-Juan,Chia
Xue-Fang,Lin
Jian,Tan
Yu-Jie,She
Chow,Tseng
Juan,Fang
Qi,Fan
Li-Mei,Tao
Bao,Sung
Zhi,Tseng
Qiang,Kung
Ni,Chin
Lei,Lai
Ni,Kuo
Wei,Tao
Dong,Hung
Yul,Chuang
Yu,Fan
Dong,Tang
Chyou,Hsu
Feng,Tsai
Cong,Tsou
Yuan,Tung
Li-Hua,Kung
Hui,Tsai
Hu,Tsao
Peng,Chung
Da-Xia,Chiu
De,Hsiung
Lee,Liu
Jun,Chu
Manchu,Tsao
E,Tuan
Kang,Liu
Tao,Tung
Fang,Jen
Shing,Chao
Yan-Yan,Chou
Hui,Lu
Mee,Tuan
Yue-Wan,Hou
Xiao-Chen,Hsiao
Xue,Yu
Cui,Chen
Hu,Fang
Dong,Chang
Mei,Mao
Ming,Yang
Xia,Shih
Ye,Yin
Li-Qin,Ting
Li,Chou
Dong,Chuang
Wu,Hsu
Yue-Yan,Pai
Lok,Chang
Sun,Teng
Bo,Wei
Dan,Hsu
Yong,Jen
Ling,Liu
Rong,Kung
Qing,Shen
Park,Hsiao
Song,Hsueh
Cui,Pan
Xiong,Lei
Yi-Ze,Niu
Dai,Han
Dai,Chang
Dong,Hsu
Guang,Tsai
Dai,Lu
Yue-You,Hao
Zi,Feng
Shaiming,Chu
Yi-Jie,Tsou
Chan,Liu
On,Fang
Hui,Li
Lee,Cheng
Shing,Hsueh
Chi,Chang
Xiao-Chen,Hsueh
Tain,Ku
Xia-He,Feng
Liang,Chou
Xiong,Chang
Jia-Li,Kuo
Xiong,Sung
Xiaoming,Kung
Cheng,Tsai
Hua,Tao
Cong,Peng
Li-Wei,Liao
Xiu,Shen
Guang,Chen
Yong,Tao
Jiao,Tsao
Hui-Ying,Tao
Cai,Ke
Na,Tao
Zhi,Chuang
Fang-Yin,Jen
You,Hou
Lok,Liu
Heng,Lo
Kang,Wang
Jie,Yuan
Jiao,Huang
Feng,Tao
Xiao-Hong,Liu
Genji,She
Hui,Yao
An,Ma
Chi,Hsu
Yong,Chien
Qi,Hsieh
Qiang,Teng
Shu,Ma
Yu-Jie,Ni
Zhu,Wu
Lian,Hsiao
Yi-Min,Wan
Yuan,Niu
Yi,Kuo
Peng,Liao
Yue-You,Feng
Chi,Wan
Jin,Tao
Huan,Kung
Jiang-Li,Tan
Jin,Chung
Peng,Tai
Ying,Tan
Lien,Chang
Yan-Yan,Tsui
Song,Niu
Chung,Ting
Ni,Yu
Cong,She
Hsin,Sung
Ye,Tsao
Kong,Tsai
Ai,Huang
Lee,Ko
Qiao,Shih
Kong,Hsiung
Sying,Shen
Li,Hsia
Li-Wei,Tsai
Huan-Yue,Hao
Qiang,Hu
Xiuxiu,Chang
Chung,Chiang
Qian,Li
Xin-Qian,Yen
Xia-He,Yuan
Hu,Tung
Long,Ke
Yuan,He
Qiong,He
Sun,Hou
Chan-Juan,Huang
Fen,Lu
Li-Wei,Hu
Li,Ma
Chan,Li
Ni,Chiang
Zhen-Juan,Yao
Donglu,Liu
Huan-Yue,Lai
Sheng,Hung
Jin,Chou
Bi,Tsai
Qing,Tang
Song,Tung
Yan-Yan,Niu
You,Chu
Meng,Teng
Guan-yin,Tai
Lien,Peng
Yue-You,Li
Hu,Peng
Chung,Kao
Dan,Tuan
Mingmei,Hsueh
Cong,Wei
Lei,Ke
Xue-Fang,Wang
E,Chao
Hui-Ying,Tao
Chen,Cheng
Jie,Tai
Xue-Fang,Niu
You,Wu
Xiao-Hong,Ting
Lixue,Tu
Juan,Kang
Yong,Tao
Hsin,Hsieh
Shu-Fang,Chen
Tao,Tan
Sying,Yin
Kuan-Yin,Ni
Sheng,Pai
Qiao,Tan
Yuan,Tsui
Jing,Lin
De,Tien
Lee,Kuo
Xin-Qian,Tien
Xiao-Hong,Yu
Sying,Yu
Yi-Min,Chin
On,Chiu
Wei,Wang
Qiong,Hao
Feng,Chiu
On,Tu
Li-Na,Kung
Li-Rong,Hao
Bo,Tsui
Yun,Yu
Lee,Tsao
Lee,Pan
Lei,Chuang
Shen,Tan
Yan,Tuan
Chan-Juan,Tsai
Zi,Hou
Lien,Wang
Hu,Tai
Ling,He
Gang,Hao
Tain,Ke
Xia-He,Hu
Kuan-Yin,Kung
Shaiming,Pan
Lixue,He
Chan,Lai
Guo,Mai
Yi,Tsui
Hui,Hsing
Wang,Huang
Cai,Wang
Jin,Shao
Ying,Hsueh
Jie,Tsao
Lin,Tuan
Xian,Tsai
Shan,Liu
Qing-Yuan,Tsao
Lixue,Ke
Qiao,Chen
Xue,Mao
Chang,Tan
Wang,Chao
Lee,Li
Xiuxiu,Meng
Lok,Tsao
Kang,Hsing
Yi-Ze,Tuan
Lan,Ho
Ni,Feng
Zi,He
Xiao-Hong,Chin
Dan,Shih
Xiang,Hao
Hsin,Hsu
Lee,Tseng
Qiao,Chiu
Meng,Lin
Li-Ming,Hsu
Yu,Tien
Lan,Hu
Yu,Lin
Sying,Wan
Guo,Chien
Yi,Yao
Shaiming,Tan
Sying,Yuan
Fai,Li
Xiu-Juan,Hung
Yue-Wan,Yin
Yue-Yan,Liu
Kong,Mai
Chan,Feng
Tao,Pai
Song,Hu
Chung,Mai
Yue-Ying,Ke
Shing,Hsu
Qiang,Tien
Da-Xia,Tung
Yue-Yan,Kung
Park,Ko
Li-Rong,Tsao
Lien,Ko
Li,Ting
Jin,Lin
Song,Chiang
Qiang,Wei
Xiong,Tang
Ni,Sun
Yun,Lin
Peng,Hao
De,Chia
Cai,Shen
Manchu,Chiu
Qing,Pai
Yi-Jie,Tu
Yi-Min,Chen
Feng,Peng
Park,Jen
Chung,Tang
Guo,Tien
Liang,Lin
Jin,Chin
Yu-Jie,Kuo
Bao,Chin
Yuan,Ho
Yue-Ying,Mai
Lei,Tien
Hui,Tsui
Manchu,Kung
Huan-Yue,Tang
Shu-Fang,Tao
Wen,Yu
Song,Pai
Song,Wang
De,Tsai
Ye,Chiang
Hui,Lo
Yi-Ze,Shao
Gang,Hsieh
Xia-He,Yu
Li-Na,Liao
Da-Xia,Lin
Lian,Chung
Long,Han
Donglu,Chung
Da-Xia,Wu
Xiu,Tao
Bo,Tsao
Shu-Fang,Wei
Kuan-Yin,Chuang
Kuan-Yin,Pai
Wen,Tien
Lok,Ma
Yi,Tsai
Bao,Kung
Park,Chien
Yi,Huang
Chan,Ni
Sun,Tang
Fang-Yin,Kao
Jie,Yang
Yul,Peng
Wei,Tsao
Cui,Lin
Wan,Tao
Kang,Hsieh
Hui,Tao
Jia-Li,Tsai
Yun,Hsieh
Yan-Yan,Wang
Tain,Wan
Feng,Tsai
Feng,Pai
Dan,Ku
Hsin,Ke
Hsin,Chin
Shuang,Shih
Xiong,Wang
Kong,Tung
Li-Na,Hou
Hsin,Yin
Wen,Peng
Hu,Tsai
Lok,Kao
Ping,Chien
You,Tu
Shi,Chien
Xue-Fang,Tsui
Heng,Wang
Kong,Kang
Zhen,Chia
Yue-Yan,Mai
Lok,Wan
Ye,Tsao
Xia,Tsai
Fai,Kung
Long,Fu
Yong,Hsueh
Yi-Min,Yuan
Yuan,Hsu
Gang,Tien
Xue-Fang,Hsu
Yu-Jie,Ke
Bo,Fang
Chyou,Chou
Kuan-Yin,He
Hong,Chiu
Zhen-Juan,Liao
Kong,Tung
Xiuxiu,Hsueh
Yue-Wan,Kang
Zhen-Juan,Chang
Park,Mai
Yi,Chen
Qiang,Yuan
Bo,Han
Xiu,Yu
Jun,Tsou
Hua,Hsu
Ho,She
On,Tsui
Wu,Fu
Yue-Yan,Hsu
Cong,Yin
Mulan,Chang
Wei,Yuan
Dong,Fu
Qing,Yin
Ye,Chou
Bao,Chou
Shing,Tsai
Lan,Chen
Qing,Kang
Cong,Lu
Zhi,Li
Dong,Chin
An,He
Wei,Tseng
Meng,Tai
Mulan,Huang
Yi-Jie,Wan
Yue-Yan,Yang
An,Hsing
Xiang,Ko
Mee,Yang
Shing,Wang
Kuan-Yin,Chao
Qi,Shen
Chan-Juan,Chin
Cui,Mai
Yun,Yeh
Li,Hung
Heng,Chien
Yul,Hsiung
Shi,Tsao
Qi,Yin
Yi,Shih
Jian,Chiu
Zhen,Hu
Wu,Chao
Bi,Hung
Xiao-Chen,Ke
Qiao,Ma
You,Ting
Li,Hsu
Xiong,Yin
Yi,Ho
Yu,Hsiao
Lan,Jen
Mei,Lei
Heng,Hsueh
Feng,Fang
Li-Rong,Hsu
Guang,Tien
Xiu-Juan,Hsu
Fen,Liu
Yu-Jie,Hu
Jie,Tai
Shen,Yao
Chan,He
Tain,Kang
Li-Wei,Wei
Park,Tseng
Qi,Hsieh
Lei,Chien
Li-Rong,Chen
You,Fang
Lin,Yu
Gang,Mai
Shan,Kao
Hu,Yao
Yi-Jie,Han
Yan-Yan,Chien
Mee,Lu
Li-Ming,Tang
Manchu,Hsueh
Lian,Tuan
Hui,Lai
Li-Ming,Chao
Sying,Shih
Ho,Tsou
Dewei,Shen
Yun,Tsui
Lian,Fang
Wen,Yuan
Manchu,Kang
Tain,Lo
Lin,Wan
Shing,Mai
Juan,Pai
Lin-Yao,Tu
On,Ko
Qi,Chien
Cong,Tai
Sun,Kuo
Sying,Lai
Lin,Tien
Wen,Tsui
Shing,Sung
Meng,Cheng
Lee,Wu
Chan,Yen
Wang,Hsueh
Lei,Tan
Xiong,Teng
Jiao,Hsiung
Yi-Min,Hung
Wan,Yao
Jin,Lin
Xiong,Chiang
Li-Mei,Chang
Long,Sung
Shaiming,Tsai
Wei,Han
Song,Niu
Li,Yu
You,Wu
Feng,Meng
Zhi,Hung
Ying,Lai
Heng,Yuan
Qiao,Tien
Hui,Liao
Sheng,Tuan
Xia-He,Tao
Ni,Chiu
Feng,Wan
Jiang-Li,Feng
Shaiming,Chia
Qing-Yuan,Lo
Feng,Chang
Juan,Tsao
Lixue,Niu
Lei,Tsai
Lin,Tsui
Meng,Fan
Yi,Tao
Jun,Hsueh
Li-Hua,Ting
Long,Lu
Lian,Tao
Lei,Tsao
Fang,Cheng
Dewei,Yuan
Yi,Chang
Gang,Yu
Jun,Hu
Lee,Fu
Hu,Sung
E,Chu
Wei,Kang
Huan-Yue,Tsao
Yue-You,Kung
Zhen,Huang
Gang,Kuo
Lin-Yao,Chao
Chi,Chu
Ye,Huang
Genji,Ma
Li-Qin,Chin
Long,Chou
Fai,Tao
De,Tao
Cong,Tsao
Jia-Li,Shih
Yan-Yan,Tao
Shing,Kung
Tao,Tsao
Li-Rong,Ke
Cong,Tan
Wei,Tu
Zhi,Wan
Hui-Ying,Pai
You,Pan
Ju,Shao
Ling,Hung
Na,Liu
Guang,Cheng
Qian,Yu
Sheng,Tsai
Guo,Yuan
Ni,Chien
De,Chung
Lian,Chiang
Wang,Lai
Lee,Wang
E,Chuang
Jiang-Li,He
Wen,Tseng
Yong,Tsao
Lian,Cheng
Jiang-Li,Chiu
Shu-Fang,He
Lili,Kung
Xiong,Fu
Qiang,Shih
Long,Chung
Jin,Tao
Gang,Kao
Cai,Yen
De,Pai
Jia-Li,Fang
Yuan,Kang
Xin-Qian,Tan
Shu,Fang
Shi,Feng
Liang,Chin
Hui-Ying,Tu
Mee,Tseng
Sun,Yuan
Yi-Jie,He
Hui-Ying,Hsia
Mingmei,Yu
Kong,Chung
Yi,Huang
Hui,Hsiao
Li-Qin,Chien
Lee,Chuang
Dan,Pan
Jian,Kang
Ho,Hsueh
Kuan-Yin,Kung
Xiong,Chiang
Lien,Fu
Mingmei,Hsueh
Bo,Mao
Li-Hua,Tao
Xue,Yang
Park,Tien
Chan,Hsieh
Long,Chiu
Shing,Yuan
Fai,She
De,Lei
Yi-Jie,Su
Shen,Chiu
Lian,Fu
Shaiming,Fan
Yue-Yan,Lin
Qiao,Peng
Yong,Yin
Gang,Tuan
Lien,Hsu
Lin,She
Li-Mei,Mao
Zhen-Juan,Kuo
Jie,Niu
Hong,Hung
Lei,Tao
Chyou,Chung
Yong,Chen
Fai,Wang
Fang,Shih
Xia-He,Tao
Yi-Jie,Yao
Jie,He
Yuan,Hsia
Wei,Tai
Na,Tsao
Jin,Sung
Dai,Mao
Mei,Kang
Li-Mei,Tang
E,Li
Ni,Teng
Xue-Fang,Tuan
Yuan,Kang
Ming,Yuan
Park,Tsao
Lei,Tang
Jiao,Cheng
Hui,Wu
Wen,Chia
Guang,Tien
Xiuxiu,Wang
Ming,Hu
Long,Yu
Long,Chuang
Tao,Han
Sheng,Ho
Gang,Huang
Manchu,Hsia
Yu,Wu
Manchu,Hsueh
Shi,Tsao
Yong,Hsueh
Xiuxiu,Pan
De,Tai
Lin,Tao
Park,Wang
Xue,Liu
Qi,He
Xue-Fang,Lu
Ting,Yu
Sying,Hsia
Yuan,Cheng
Lixue,Yin
Shan,Shao
Hui,Fan
Ying,Chou
Ni,Chien
Shaiming,Tsai
Ju,Chung
Liang,Lin
Tao,Peng
Qiao,Tu
Yu-Jie,Hsu
Wei,Kao
Bi,Peng
Chung,Tsui
Cai,Kung
Guang,Fu
Cheng,Kung
Yuan,He
Jiao,Tao
Yan-Yan,Yen
Kuan-Yin,Hsueh
Cong,Tung
Jie,Ho
Kang,He
Kang,Chiu
Chang,Shih
Hua,Tien
Shu,Tao
Li-Hua,Wu
Hsin,Li
Jian,Chu
Cong,Chien
Ai,Tsao
Lei,Tsai
An,Liao
Ming,Ting
Yue-Ying,Chu
Lok,Ting
Ho,Tao
Cheng,Tai
Zi,Su
Sying,Hu
Jun,Tan
Park,Chou
Fang-Yin,Niu
Xia,Wu
Kang,Chou
Xiaoming,Hsing
Xin-Qian,Tsui
Yu,Chin
Yue-Ying,Shen
Heng,Kang
Hui-Ying,Peng
Wei,Chien
Shi,Yang
Tain,Liu
Yan-Yan,Su
Tao,Hsia
Xiong,Hsueh
Jie,Hou
Lin-Yao,Lei
Jin,Yuan
Ling,Pai
Wu,Meng
Jiang-Li,Yu
Shuang,Tu
Shaiming,Pan
Dong,Hsia
Guang,Tien
You,Sung
Qiang,Yu
Kuan-Yin,Yu
Jun,Lei
Lixue,Tan
Tain,Chang
Xue-Fang,Kao
Ho,Ko
Fai,Tsai
Shi,Tang
Wei,Pai
Lan,Lin
Wu,Jen
You,Han
Hui-Ying,Meng
Chan,Sun
Bo,Hsueh
You,Sun
Kong,Niu
Chi,Ting
Qi,Tan
Ling,Chang
Wei,Tan
Ling,Kung
Long,Yang
Yi-Jie,Tung
Shaiming,Chao
Ning,Yin
Song,Mai
Yuan,Hsu
Kang,Chen
An,Fang
Wu,Chiu
Xiu,Chao
Fang,Yin
Feng,Li
Na,Ho
Shen,Chuang
Park,Sung
Zhen,Han
Genji,Hsueh
Shan,Kung
Cong,Chuang
Hsin,Tsai
Fang-Yin,Hung
Chen,Yin
Feng,Niu
Chow,Mai
Sying,Tuan
Meng,Lai
On,Sung
Li-Hua,Ma
Xiao-Chen,Pai
Li-Ming,Yuan
Shaiming,Yeh
Lin-Yao,She
Bo,Chu
Jun,Tsao
Chen,Ma
Wei,Tung
Ying,Hsieh
Yi-Jie,Tsui
Gang,Tien
Manchu,Tsai
Tain,Ho
Peng,Chuang
Li-Ming,Sung
Park,Lu
An,Liang
Yi-Jie,Liu
Lok,Teng
Jing,Ho
Huan,Pan
Sun,Ku
Dong,Pan
Jiang-Li,Ting
Xiu,Ko
Li,Tsui
Hsin,Kang
Manchu,Chao
Xiu-Juan,Cheng
Guo,Chiu
Tao,Liu
Lan,Peng
Fai,Yu
Ming,Lu
Juan,Hsiung
Yong,He
Bao,Tan
Lee,Ku
Guo,Tsao
Shuang,Peng
Qing-Yuan,Fan
Shu-Fang,Hsiung
Shing,Mai
Yu-Jie,Tai
Yi-Min,Ke
Qiang,Cheng
Yul,Kang
Jian,Jen
Xin-Qian,Hsu
Feng,Kao
Yun,Liang
Chow,Hsiung
Zhi,Ko
Jie,Tsui
Hsin,Ko
Feng,Hsing
Mee,Yu
Yan,Tseng
Shu-Fang,Chang
Ni,Teng
Shen,Ho
Tao,Tsui
Jun,Mao
Ning,Yu
Yuan,Hsu
Yan-Yan,Tuan
Wu,Ko
Yi,Hung
Wei,Lai
Jian,Hsu
Jin,Tan
Zhen,Tang
Lian,She
Ling,She
Fai,Huang
Lei,Fu
Wu,Lei
Donglu,Han
Li-Na,Niu
Sun,He
Yuan,Chen
Chan-Juan,Teng
Fang,Shao
Bao,Yu
On,Hu
Guo,Yao
Dong,Chang
Long,Kao
Zhu,Pan
Hu,Tsai
Ai,Yu
Yi,Su
Kuan-Yin,Chia
Jiao,He
Dewei,Wei
Chi,He
Na,Chung
Wang,Ting
Xiaoming,Chang
Wen,Tuan
Jing,Mao
Lei,Tsui
Ping,Tseng
Cong,Yu
Chen,Chung
Hsin,Wan
Zhen-Juan,Tao
Guang,Tuan
Wei,Tsui
Yan-Yan,Hsia
Yul,Teng
Jin,Han
Shi,Hsueh
Lee,Tu
Sheng,Tsai
Lei,Meng
Lee,Fan
Jiang-Li,Tseng
Shaiming,Cheng
Jun,Kao
Long,Ni
Guo,Chang
Lian,Chiu
Fai,Tuan
Peng,He
Feng,Chia
Li-Na,Wan
Cui,Yeh
Fang-Yin,Cheng
Hsin,Tung
Chyou,Sun
Lian,Tai
Wei,Hsia
Shing,Pan
Lian,Lei
Peng,Huang
Wei,Ho
Yue-Wan,Pai
Shu,Lu
Lixue,Tuan
Cong,He
Lee,Niu
Li,Tsui
Wu,Sun
Xiang,Chuang
Cheng,Yen
Yi,Tung
Yue-Ying,Hsing
Hui,Ke
Zhi,Chang
Ho,Yin
Genji,Jen
Lee,Tsai
Ming,Chiu
Xue,Tseng
Li-Qin,Tsai
Tao,Lin
Ju,Chen
Mulan,Yu
Xian,Yuan
An,Kung
Chen,Shao
Wen,Su
Hong,Ma
Guang,Chuang
Lili,Yuan
Juan,Lai
Hui,Shao
Zhu,Mai
Lok,Li
Wei,Chao
Dong,Tsao
Dan,Feng
Wei,Huang
Wen,Hsu
Yi,Wei
Sun,He
Cong,Hsing
Zhen-Juan,Han
Yue-Yan,Cheng
Ye,Shih
Zhen,Chen
Xia-He,Tao
Yue-Yan,Tai
On,Su
Xiang,Chou
Manchu,Fang
Guo,Tsai
Xiaoming,Su
Hsin,Tao
Tain,Chia
An,Lei
Kong,Lo
Dong,Tang
Mingmei,Lu
Lian,Liang
Chan,Tsai
Yi-Ze,Tien
Chung,Feng
Mee,Yeh
Cai,Chiu
Hu,Chu
Genji,Chang
Chow,Hou
On,Kuo
Fai,Mao
Cong,Yuan
Guang,Chang
Donglu,Hsiung
Zhi,Mao
Bao,Yuan
Wan,Tao
Tain,Mai
Shaiming,Fu
Wei,Ho
Yuan,Ke
Sying,Tien
Qian,Wan
Ying,Hsu
An,Fang
Wen,Cheng
Mee,Hsu
Yi,Huang
Cui,Fan
Hui,Jen
Juan,Tan
Xiong,Niu
Chi,Meng
Xiu-Juan,Yen
Li,Wan
Qiong,Mai
Xiong,Pan
Chan-Juan,Cheng
Song,Hsiung
Fai,Tu
Cheng,Wei
Heng,Niu
Lin,Tan
Xiong,Hsia
Yu,Cheng
Donglu,Fang
Lee,Wan
Ming,Peng
Jun,Tuan
Xiu,Tai
Xia-He,Tang
Wen,Cheng
Sun,Chung
Jin,Hsieh
Bao,Lei
Yi,Jen
Yi-Min,Tang
Chi,Tsai
An,Kang
Shing,Chen
Qi,Yen
Chan,Wei
Mingmei,Chiang
Wen,Ting
Ming,Hsia
Kong,Chu
Wan,Chen
Jun,Lu
Donglu,Chuang
Tao,Kung
Shen,Hao
Ho,Yu
Lei,Han
Hui-Ying,Wei
Chung,Yuan
Dewei,Tien
Yue-Wan,Teng
Jun,Lo
Sun,Chien
An,Kuo
Mulan,Wang
Yong,Yang
Peng,Yu
Qiong,He
Chan-Juan,Kung
Xiong,She
Shing,Niu
Xiu-Juan,Hung
Bo,Kung
Kong,Wan
Mee,Liu
Cheng,Fang
Dewei,Niu
Hui,Sung
Sying,Kang
Xue,Chang
You,Sun
Manchu,Hsiung
Yul,Tien
Jin,Ko
Shing,Peng
Huan-Yue,Tao
Yi-Ze,Pai
Shan,Tao
Kang,Kung
Dewei,Chien
Shen,Pai
Zhu,Liao
Li-Hua,Hsiung
Dan,Kung
Sying,Meng
Xiuxiu,Fang
Huan-Yue,Chung
Xin-Qian,Chang
Ying,Fan
Lei,Wang
Yul,Ke
Manchu,He
Mulan,Shen
Wen,Tuan
Shaiming,Wang
Dewei,Tao
Jiang-Li,Su
Bi,Tung
Zhu,Mai
Shen,Jen
Xiuxiu,Ni
E,Ku
Dewei,Pai
Bo,Hao
Shaiming,Niu
Park,Su
Jun,Tien
On,Wang
Jie,Hsia
Liang,Chin
Yu,Wei
Gang,Chao
Sheng,Tseng
Song,Tao
Zhu,Tsui
Zi,Kang
E,Tien
Shuang,Tung
Xin-Qian,Hsu
Bi,Tan
Jing,Huang
Yi-Ze,Shen
Jiang-Li,Hsiung
Dan,He
Jiang-Li,Chien
Xiu-Juan,Chiu
Chan-Juan,Chiu
Bi,Yu
Bo,Feng
Sun,Tao
Yue-Ying,Tsai
Park,Liu
Wang,Wang
Shing,He
Wei,Sung
Cong,Yuan
Cong,Kung
Xiao-Hong,Chien
Meng,Huang
Chyou,Li
Fang-Yin,Cheng
Xue-Fang,Liang
Cai,Huang
Hui,Fang
Lee,Wu
Meng,Ma
Bao,Hsieh
Lei,Hsia
Qing,Chen
Xin-Qian,Huang
Lili,Mao
Li,Lin
Fang-Yin,Wang
Yong,Lei
Xiong,Yang
Lee,Ma
Xue,Tung
Shaiming,Sun
Fang,Tung
Li,Yu
Yi-Jie,Yen
Hsin,Sung
Wei,Mao
You,Sung
Kang,Chuang
Yue-Ying,She
Qiang,Fu
Wang,Tsui
De,Cheng
Li-Rong,Yin
Sheng,Chuang
Lei,Tsai
Fen,Tien
Cong,Hu
Ye,Hsing
Chan,Meng
Yong,Hsiao
An,Tung
Fen,Shao
Qiao,Niu
Yuan,He
Rong,Ko
Cheng,Tu
Dai,Yeh
Li-Wei,Hsia
Hui,Fu
Tao,Yen
Zhen,Hsieh
Chan,Chiu
Bo,Peng
Zhen,Ho
Yu,Peng
On,Fan
Xia,Kao
Tao,Mao
Yu-Jie,Kuo
Zi,Ni
Hsin,Hung
Liang,Chuang
Shi,She
Zhu,He
Feng,Tsao
Lin-Yao,Fu
Feng,Wei
Liang,Lo
Feng,Wan
Wu,Mao
Ho,Hsiao
Shu,Yu
Peng,Kang
Ying,Yu
Kong,Tseng
Qian,Lu
Sheng,Tien
Zhen-Juan,Hsiao
Ping,Jen
An,Hsu
Chyou,Hsiung
Wan,Fang
Ho,Kao
Ning,Chang
Li-Rong,Fan
Hong,Ku
Fai,Yen
Zhen,Tan
Yi,Jen
Guang,Chang
Gang,Chin
Ming,Kung
Cong,Fang
Ju,Teng
Kang,Chien
Wen,Chiu
Li-Na,Cheng
Fen,Tsao
Wang,Yao
Sun,Tsao
Li-Hua,Chu
An,Pan
Kuan-Yin,Tao
Guo,Tsai
Lian,Fang
Cong,Fang
An,Chen
An,He
Hsin,Mao
Yi,Hsiao
Huan,Lei
Shen,Feng
Yi-Ze,Ho
Zhen,Chu
Bo,He
Ping,Mai
Sun,Tsai
Shen,Pan
Yue-You,Wei
Jing,Yin
Yul,Feng
Dan,Meng
Jing,Yu
Li-Ming,Shao
Shen,Kao
Lien,Hsia
An,Ku
Lian,Lei
Li-Wei,Tsai
Huan,Yuan
Heng,Tang
Guang,Pan
Zhen,Liao
Yi-Jie,Jen
Lee,Tung
Lei,Liao
An,Yin
Chow,Ko
Ning,Tsui
Sying,Yu
Li-Mei,Hsing
Feng,Chen
Xiang,Yang
Da-Xia,Chia
Ping,Peng
Chan,Hsueh
Gang,Lin
Cheng,Teng
Yi,Niu
Sheng,Tao
Hua,Hsu
Ye,Chen
Zi,Peng
Yu,Kung
Meng,Han
Li-Hua,Lung
Long,Tai
Park,Liu
Jun,Hao
Cui,Tu
Chan,Yuan
Yu-Jie,Liu
Jiao,Wu
Huan,Tsui
Jun,Wang
Liang,Peng
Cai,Cheng
Na,Fan
Jie,Shao
Ting,Kuo
Hui-Ying,Yao
Ai,Lu
Lian,Lu
Yue-You,Peng
Ling,Tang
Song,Yuan
Chung,Lu
Chen,Huang
Chang,Kuo
Shen,Ho
Mei,Shen
Yu-Jie,Tsao
Juan,Yang
Ning,Ho
Shing,Tsui
Yu-Jie,Chien
Yue-Yan,Peng
On,Hou
Meng,Li
Kong,He
Shaiming,Hao
Donglu,Lu
Shi,Ku
Lee,Lu
Qiang,Yu
Xia-He,Tai
De,Hsu
On,Tan
Xia-He,Ho
Chung,Tung
Qian,Wu
Mee,He
Shi,Ke
Chung,Tuan
Qing,Wei
Hui,Tsai
Fang,Ni
Chyou,Chang
Jun,Peng
Zhen,Su
Lei,Tung
Lian,Pai
Wei,Yuan
Manchu,Tsao
Xiang,Kung
Dan,Lei
Fen,Chiu
Yong,Tai
Sheng,Lo
On,Chien
Hong,Kang
De,Yu
Yan,Wang
Bo,Liao
Genji,Teng
Mee,Wang
Lei,Hao
Jian,Hsiao
Xiuxiu,Pan
Yan-Yan,Su
Yu-Jie,Yang
On,Cheng
Hui,Tsao
Sying,Pan
Chan,Pan
Chang,He
Jun,Mai
Feng,Wu
Hui,Yang
Ying,Ku
Lin,Yang
An,Wang
Shing,Yuan
Kuan-Yin,Chung
An,Yang
Li-Mei,Chang
Yi-Jie,Su
Xia,Sun
Lok,Han
Long,Huang
Qing-Yuan,Lung
Guo,Li
De,Lu
Wen,Meng
Hsin,Mai
Zhen-Juan,Kuo
Yuan,Lu
Yi-Ze,Lo
Jin,Chiu
Peng,Yin
Ming,Tan
Shi,Kung
Yuan,Kuo
Wang,Chien
Sun,Tsai
Li,Pai
Yue-Yan,Hsia
Chow,Hsueh
Fen,Tien
Bo,Li
Wei,Pan
Ming,Tai
Wan,Chia
Tao,Tang
De,Hsiao
Wen,Yu
Chan-Juan,Yin
Yul,Pan
On,Lei
Qiang,Lei
Yi,Hsing
Li-Na,Tung
Yu,Tsui
Park,Chin
Shaiming,Fu
Shuang,Lu
Genji,Mai
E,Hsieh
Park,Hu
Cai,Tung
Lei,Yu
Fai,Tien
Hsin,Hsiao
Li-Na,Hou
Cheng,Hsu
Dewei,Chen
You,Cheng
Jin,Kung
Heng,Cheng
De,Lung
Ye,Hsiao
Wang,Ni
Ting,Hsiao
Lee,Hsueh
Yi,Ni
Xue-Fang,Tsui
Yue-Yan,Yuan
Xia,Tsui
Yu,Cheng
Bo,Mai
Chen,Kung
Chang,Hung
Jun,He
Yu,Chung
Park,Lu
Chyou,Ting
Yi-Jie,Huang
Lei,Hou
Xia-He,Yu
Chan,Lai
Gang,Tsai
Xiong,Hsiung
Cheng,Yang
Yu-Jie,Shen
Gang,Hsu
Hu,Chuang
Cai,Mai
Bao,Chuang
Na,Pan
Long,Tsui
Shaiming,Peng
Jiang-Li,Feng
Lee,Lin
Kang,Chien
Chung,Lin
Fang,Yeh
Kuan-Yin,Lu
Dewei,Tseng
Chung,Tai
Li,Ko
Yul,Jen
Chan,Lei
Chan,Chung
Yong,Liu
Qing,Tao
Lien,Chin
Cong,Hsueh
Sun,Chien
Song,Chiu
Shan,Lung
Li,Tai
Lin-Yao,Lu
Guang,Shih
Shuang,Lu
Chung,Fan
Gang,Yu
Bo,Chiu
Bi,Lai
Li-Na,Pan
Peng,Kung
Lok,Hou
Xue,Yang
E,Tung
Sun,Chin
Lian,Hao
Chung,Lung
Xiao-Hong,Chien
Jia-Li,Chang
Yue-Wan,Tan
Donglu,Chung
Guang,Tang
Kuan-Yin,Yen
Chung,Fang
Shen,Tsou
De,Tsao
Jiang-Li,Li
Xin-Qian,Chu
Yuan,Hsu
Xia,Chuang
Hsin,Ting
Fang,Hsu
Lian,Kang
Ming,Hsing
Li-Rong,Tan
Hui,Ke
Cai,Peng
Lok,Chiu
Li-Wei,Pan
Yu-Jie,Yu
Shuang,Ho
Chang,Liao
Lin-Yao,Tsui
Bo,Tuan
Feng,Tu
Genji,Pai
Bo,Yu
Jian,Shao
Hui,Wang
Guang,Yu
Yu-Jie,Lai
Xiao-Hong,Kuo
Heng,Liu
Li-Wei,Lai
On,Su
Kang,Tsou
Chung,Lu
Yi,Wei
Park,Tsao
Feng,Hsu
Guo,Hu
Yul,Li
On,Tu
Qi,Hsing
Tao,Yen
Shi,Tsao
Lili,Chuang
Hu,Teng
Long,Tu
Jiang-Li,Hou
Huan-Yue,Pan
Yi-Min,Tsui
Jie,Cheng
Chang,Sung
Park,Tu
Liang,Chien
Lien,Chung
Dan,Peng
Yi,Shen
Sying,Shih
Lin-Yao,Su
Qing-Yuan,Liao
Bi,Jen
Kuan-Yin,Teng
Shi,Sun
Kang,Chin
Hong,Lung
Park,Kuo
Sheng,Sun
Jin,Mao
Lok,Hung
Li,Wan
Genji,Tang
Qiong,Sung
Xiang,Tu
Hong,Hu
Yun,Huang
Shing,Tseng
Tain,Fan
On,Yu
On,Mao
Zi,Tao
Xia,Tan
Yue-Ying,Cheng
Bao,Teng
Lixue,Chin
Park,He
Hu,Yu
Yi,Chin
Hong,Ting
E,Ko
Jian,Peng
Zhen,Chen
Xiong,Sung
Shi,Chiang
Yan-Yan,Shen
Chi,She
Sheng,Yen
Jian,Mai
Fang-Yin,Chu
Chen,Yeh
Lixue,Chiang
Ming,Chien
Lee,Chen
Kuan-Yin,Kao
Jian,Li
Shing,Hu
Kong,Li
Mingmei,Teng
Qiao,Pai
Xia-He,Han
Yul,Fu
Jun,Hsing
Tao,Tsui
Yuan,Lu
Hui,Yen
Li-Rong,Lo
Xiang,Shih
Liang,Tsao
Yi,Lo
Heng,Ho
Kuan-Yin,Yao
Hong,Lei
Guang,Sun
Sun,Kao
Wang,Tsai
Shen,Tung
Dai,Chang
Chan,Tien
Jun,She
Hu,Lai
Lin,Li
Yuan,Chen
Guang,Yang
Guang,Tai
Lin,Tan
Feng,Tao
Lok,Yuan
Tao,Liu
Manchu,Tan
Qing-Yuan,Chien
Qiao,Yu
Mulan,Tao
Shuang,Hsing
Genji,Chen
Wan,Chien
Lok,Fan
Cai,Tai
Kuan-Yin,Liu
Li-Wei,Tsao
Yu-Jie,Lung
Donglu,Liu
Jian,Ko
Xiuxiu,Tung
Shen,Tsai
Qi,Su
Ning,Peng
Wei,Hu
Guan-yin,Mao
Lian,Tan
Chan,Chu
On,Hsiao
Hu,Wan
Ting,Wang
Kong,Mao
Jing,Liu
Kang,Yu
Park,Shih
Huan-Yue,Fang
Gang,Chou
Cheng,He
Wei,Chin
Chang,Chin
Da-Xia,Lung
Dan,Tsao
Hsin,Chang
Peng,Yao
Fai,Tan
Xia,Chung
Shuang,Tu
Qiang,Tseng
Rong,Yu
Dong,Feng
Chen,Chang
Tain,Yin
Jun,Tang
Shing,Chien
Xia-He,Lei
Hui-Ying,Hsieh
Qi,Hsia
Kuan-Yin,Chang
Yuan,Shih
Jia-Li,Chuang
Qiang,Tsao
E,He
Yong,Tan
De,Hsiung
Wen,Shih
Bo,Cheng
Yi-Ze,Hsia
Qiang,Chiu
Yu-Jie,Fu
Park,Hu
Yan-Yan,Cheng
Sying,Lu
Lixue,Meng
Mee,Kung
Ju,Ho
Xiao-Hong,Ting
Sheng,Shao
Hsin,Wu
Xia-He,Chou
Genji,Yuan
Chow,Wei
Liang,Shen
E,Tang
Xiu,Chou
Juan,Hu
Lee,Hsueh
Mei,Tsui
Yi,Hsing
Jian,Tsou
Xiu-Juan,Wan
Li-Mei,Su
Shu-Fang,Hsieh
Cui,Chiu
Jun,Fan
Genji,Chiang
Xiao-Chen,Yu
Rong,Liao
Jun,Hsing
Xian,Yeh
Qiong,Hsueh
Yong,Tsai
Yi-Min,Pan
Kuan-Yin,Hung
Lian,Peng
Lee,Lu
Yi,Ni
Cheng,Hou
Yi,Hsueh
Wu,Ko
Sun,Han
Yu,Lung
Yuan,Chu
Tao,Lu
Bao,Tu
Feng,Shao
Feng,Pai
Cong,Chin
Xue,Mao
De,Tsou
Fang,Chien
You,Hsiao
Chan-Juan,Tan
Yi,Tai
Kuan-Yin,Teng
Shi,Tseng
Tain,Chiang
Liang,Jen
Huan-Yue,Peng
Xiong,Chang
Hui,Tung
Li-Na,Wei
Fang,He
Da-Xia,Hao
Xia-He,Tsai
Chen,Yang
Wei,Teng
Jin,Tai
Jun,Tuan
Li,Hsiung
Jiao,Yao
Cong,Tien
You,Han
You,Chiang
Chung,Feng
Long,Chen
Hsin,Shih
Lok,Yuan
Jin,Ho
Wu,Su
Hui,Lu
Shan,Lei
Chyou,Tsao
Chen,Tsou
Bo,Yao
Park,Tan
Lian,Hsing
Hui,Pan
Fen,Tsao
Manchu,Shih
Lin-Yao,Hsieh
Li-Wei,Kao
Guang,Tang
Yul,Lo
Shu-Fang,Yu
Wang,Meng
Xia,Wang
Cui,Kang
Zi,Huang
Lei,Yang
Wang,Hsieh
Qiao,Mai
Lan,Hsu
Yue-Wan,Ku
Ye,Mao
Song,Tai
Xiu-Juan,Chu
Jia-Li,Ke
Chow,Tseng
Long,Tao
Xian,Lu
Cai,Tan
Yue-Yan,Tsao
On,Wu
Dewei,Tung
Meng,Peng
Cai,Chang
Lee,Tuan
Sun,Hsiung
Chow,Chin
Hui,Jen
Xue,Chiang
Chung,Tsao
Qiong,She
Li-Wei,Chu
Fang-Yin,Chu
Chung,Yu
Chen,Pan
Chan,Fu
Lei,Li
Lok,Lu
Qing-Yuan,Tang
Ying,Chu
Dai,Hou
Donglu,Lo
Yong,He
Hui,Meng
Donglu,Hou
Feng,Chang
Fai,Feng
Dong,Hsueh
Ye,Yeh
Shen,Chiang
Lixue,Chu
Bao,Ko
Li-Rong,Tao
Li,He
Lee,Cheng
Xue,Tang
Fai,Kang
Yue-Wan,Lin
Zhen,Tsou
Fang,Yin
Shuang,Lu
Chung,Tien
Jun,Tai
Xiong,Lu
Ho,Chao
Feng,Chin
Yi,Tsao
Ning,Tsai
Xiuxiu,Lo
Guang,Shao
Chan,Chien
Dan,Lu
Tain,Ma
Liang,Chien
Guan-yin,Tsao
Long,Niu
Manchu,Tsai
Feng,Tseng
Xiaoming,Tai
Lan,Chang
Hui,Ku
Chang,Hsu
Yi-Ze,Shih
Genji,Kung
Yi-Ze,Chuang
Tao,Tsao
Cheng,Pai
On,Kung
Jin,Kao
Dan,Liao
Ju,Yeh
Shaiming,Wei
Xian,Chia
On,Yuan
Wei,Ku
Wang,Tang
Chi,Chin
Xiong,Kuo
Ling,Su
Shi,Yuan
Fang-Yin,Han
Sying,Liang
Yu-Jie,Tuan
Lien,Chao
Lian,Fang
Long,He
Kuan-Yin,Tsai
Juan,Hu
Fen,Yen
Dai,Lei
Hu,Li
Yi-Jie,He
Gang,Liu
Da-Xia,Lu
Sun,Hsueh
Ming,Tsui
Chow,Tsai
Huan-Yue,Ke
Li-Mei,Kung
Wei,Tan
Yi,Chen
E,Chuang
Ai,Tao
Fang,Chen
Hui,Tang
Yi-Ze,Yao
Sheng,Yen
Chung,Hsu
Sying,Han
De,Hsieh
Yu-Jie,Tang
On,Lei
Chung,Liu
Huan,Wei
Tain,Tan
Jiang-Li,Chung
Tao,Lung
Zhen-Juan,Meng
Hu,Liu
Shen,Chin
Ming,Hsiao
Xia-He,Yuan
Wang,Niu
Kuan-Yin,Fang
Cong,Chin
Dewei,Kang
Yi-Jie,Chiang
Jiang-Li,Tsai
Wu,Tsao
Dai,Tseng
Kang,Liang
Ye,Tsui
Jun,Su
Xiaoming,Li
Qiao,Lu
Yuan,Chu
E,Tsao
Qian,Tang
Yul,Ho
Cong,Yen
Yu-Jie,Kao
Dai,Yao
Tain,Sun
Mulan,Tang
Park,Shen
Mee,Lu
Hong,Chang
Na,Lin
Ye,Ku
Jie,Niu
E,Chung
Shuang,Yen
Yan,Tung
Lee,Tseng
Sying,Liu
Dong,Hsieh
Rong,Chien
Feng,Tang
Song,Niu
Xiong,Han
Wang,Su
Lee,Hsiung
Chan,Pai
Long,Yang
Cong,Ni
Yue-Ying,Peng
Yue-Ying,Tung
Kang,Chiang
Li-Qin,Tao
Shen,Pai
Manchu,Chung
Wei,Ho
Zhen,Ni
Zhen,Ho
Wen,Sun
Wang,Hsu
Gang,He
On,Chia
Wan,Ko
Jian,Fan
Bi,Chen
Da-Xia,Chiu
Chang,Yin
Wang,Hou
Fen,Hsu
Dong,Lin
Liang,Hu
Lok,Hung
Shing,Ni
Guang,Chien
Long,Chien
Yue-You,Lin
Ming,Shih
Li-Hua,Tang
Guang,Tsao
Cai,Lo
Sheng,Peng
Yi-Ze,Lu
Qian,Hsieh
Lixue,Kang
Feng,Chen
Yi-Min,Liang
Wan,Chao
Long,Hsu
Sun,Chin
Sun,Huang
Ho,Kao
Lei,Yeh
Ho,Tan
Hsin,Tang
Jun,Tao
Wen,Sun
Li-Ming,Hung
Bi,Kang
Jie,Ko
An,Lung
Park,Hsiao
Shan,Hsia
On,Shen
Tain,Kang
Yu,He
Ho,Hsiao
Cong,Ting
Kong,Liao
Yan,Pai
Lin,Mai
Zhen,Shao
Guo,Ni
Song,Yu
You,Hsiung
Chan,Chin
Song,Chien
Cai,Hsiung
Mei,Wang
Manchu,Kung
Qing,Tsou
Manchu,Kang
Meng,Tsai
Xue,Tsao
Yi,Tan
Yuan,Ku
Long,Sung
Shing,Tsou
Xiong,She
Lei,Shao
Qian,Fang
Long,Chang
Zi,Chien
Yan,Tang
Lei,Chu
Dong,Tien
Cong,Kuo
Yue-Yan,Chen
Ling,Pan
Xiong,Tsui
Mei,Meng
Xian,Tao
Xiang,Lo
Hsin,Ke
Jian,Tsao
Long,Tan
Chung,Chen
Yul,Tseng
Hsin,Tsai
De,She
Manchu,Lei
Sun,Yuan
Qi,Pan
Lien,Chen
Wang,Shen
Ni,He
Chan,Niu
Mei,Yin
Yuan,Cheng
Chan,He
Dewei,Chiang
Bao,Chia
Kuan-Yin,Chao
Zhen,Tu
Chan-Juan,Tan
Dai,Hsu
Na,She
Qing-Yuan,Ni
Guang,Niu
Song,Pai
Jie,Chang
Xiu,Liao
Qiao,Liu
Xiao-Hong,Tung
Ming,Huang
Guang,Sun
Yue-You,Ma
Yi-Ze,Kao
On,Sung
Shing,Tsao
Hsin,Fan
Mei,Lai
Jin,Tsai
Ye,Pan
De,Lai
Cong,Tang
You,Yuan
Dan,Chen
Fang,Ke
Lei,Lin
Lok,Tang
Fang-Yin,Ko
Wan,Kung
Lok,Hsueh
Genji,Lei
Cheng,Yen
Rong,Hsieh
Jun,Chin
Cai,Chuang
Feng,Yeh
Lei,Hsia
Xiao-Hong,Hsing
Hui-Ying,Fan
On,He
Zhu,Hsieh
Manchu,Tsao
Hui,Peng
Zhu,Tuan
Li-Qin,Yu
Dewei,Mao
Shi,Kung
Xiu,Tang
Xiu,Kang
Tain,Jen
Shing,Chung
Rong,Hsueh
Feng,Pai
Chang,Lo
Meng,Yu
Yong,Yuan
Huan,Yuan
Jian,Hao
Zhi,Cheng
Long,Shih
Jie,Yen
Zhen,Yeh
Li-Mei,Tao
Bao,Hsieh
Tao,Tsui
Genji,Teng
Jie,Kuo
Shi,Chien
Yan-Yan,Tu
Wang,Lei
You,Wei
Dong,Chen
Yue-You,Mai
Feng,Hung
Dan,Chiu
Yuan,Niu
Shi,Tsai
Chang,Tsao
Long,Li
Yong,Kang
Li-Qin,Chou
Ming,Tien
You,Wan
Shing,Tien
Guang,Ting
Lian,Tsui
Cong,Chin
Chan-Juan,Hsueh
Yue-You,Tsui
Xiong,Shen
Yi,Shao
Long,Chen
Da-Xia,Hu
Bao,He
Sying,Yuan
Ai,Chien
Ming,Yao
Li,Ho
Shen,Yao
Da-Xia,Yen
Lei,Tuan
Qiang,Fu
Kong,Liao
Chi,Chang
Xia,Chou
Lian,Tsou
Cong,Niu
Lili,Chang
Yi-Jie,Lei
Wang,Tung
An,Ku
Genji,Hsieh
Xia,Ho
Gang,Tan
Ning,Shih
Jun,Tung
Li-Wei,Lai
Ye,Tang
Ling,Chang
Ni,Chen
Shing,Hsia
Wu,Yuan
Wen,Chin
Cheng,Chu
Lee,Hsieh
Shi,Ke
Song,Sung
Xin-Qian,Tung
Qian,Tsui
Hsin,Hsing
Jiao,Hsueh
Shing,Yuan
Yuan,Pai
Zhen-Juan,Li
Qing-Yuan,Sun
Shu-Fang,Liang
Ni,Chin
Li-Na,Tai
E,Tsui
Ming,Hou
Li-Hua,Hsiung
Cong,Yuan
Jie,Lai
Na,Su
Dan,Hsiao
Liang,Hao
Yan,He
Zi,Yao
Wang,Tu
Li,Chen
Zhen,Chiang
Jun,Han
Jun,Lung
Shen,Tsou
Meng,Tsao
Ye,Lin
Gang,Tuan
Liang,Chin
Bo,He
Li-Hua,Han
Yi-Ze,Ku
Qi,Chiu
Manchu,He
Chung,Mao
Yong,She
Peng,Feng
Hu,Huang
Xiong,Chao
Li-Rong,Tsui
Ye,He
Jian,Tsai
Ning,Chao
Mingmei,Chin
Guan-yin,Hsing
E,Shih
Jian,Chao
Shi,Tung
Li,Tang
Shi,Shen
Yi,Mai
Liang,Chang
Guang,Ni
Qiao,Chiu
Sheng,Sun
Fen,Kuo
Lien,Lei
Chyou,Peng
Wei,Hsiung
Feng,Kung
Lee,Chuang
Shi,Kuo
Yue-Wan,Jen
Hu,Wan
Jun,Tu
Bao,Chin
Yi,Peng
Jun,Tsui
Yi,Tien
Xiong,Peng
Genji,Lung
Peng,She
Hui,Hsiung
Guang,Tsao
Fai,Chou
Wang,Fu
Peng,Hao
Ling,Ho
Yuan,Tsui
Li-Hua,Chou
Chyou,Tien
Qiang,Chin
Zhen,Lu
Qiong,Lung
Lian,She
Wen,Lai
Ai,Lei
Cong,Chen
Li,Ko
Ping,Kang
Li-Wei,Kang
Guan-yin,Tung
Shen,Li
Hui-Ying,Tung
Hu,Mao
Feng,Yin
Sun,Peng
Guo,Wang
Ling,Sung
Shu-Fang,Lei
Fang,Chin
E,Ho
Xia,Li
Yi-Min,He
Yue-Yan,Tsao
Zhen,Tuan
Jiao,Lo
Feng,Liang
Kuan-Yin,Chen
Qian,Hou
Cui,Pai
Meng,Chu
Fang,Chung
Jun,Yuan
Wen,Sun
Rong,Chen
Wen,Tien
Ting,Fang
Li-Hua,Feng
Kuan-Yin,Hsueh
Fai,Chia
Ho,Lin
Park,Ma
Ni,Tsao
Shu,Hsiao
Chi,Ku
Guo,Yuan
Park,Yang
Qing-Yuan,Lin
Yul,Yu
Ai,Chia
Jun,Kung
Shu,Sung
Yi-Min,Hung
Chang,Chin
Yu-Jie,Mai
Wen,Tao
Wang,Chang
Wei,Lung
Heng,Cheng
Heng,Hsia
Chung,Yao
Fai,Yin
Feng,Yang
Li-Rong,Yen
Jin,Ting
Sying,Tsui
Zhen-Juan,Hou
Shi,Chien
Xiao-Hong,Wu
Lei,Tan
Chi,Liang
Cai,Tien
Zi,Peng
Qian,Pan
Li,Peng
Li-Na,Fan
Tain,Chu
Guo,Yang
Jun,Tu
Donglu,Yao
Meng,Tsao
Shing,Sun
Qing-Yuan,Lu
Hu,Ku
Wang,Tsao
Jiao,He
Sying,Jen
Ye,Tsai
On,Hsu
Heng,Peng
Lan,Hou
Kuan-Yin,Tung
Lok,Yin
Cong,Wang
Shing,Kung
Chan-Juan,Liang
Fai,Han
Fang,Fan
Dewei,Chao
Fang-Yin,Sung
Yi-Min,He
Bi,Cheng
Tao,Feng
Lili,Feng
Li-Hua,Liang
Wen,Chuang
Xiao-Chen,Hsueh
Li-Hua,Tu
Yan,Tu
Shan,Chang
Wen,Lei
Bo,Kung
Li-Wei,Tung
Li-Ming,Tsou
Hui,Tu
Ning,Yeh
Sun,Ko
Jie,Chin
Qiang,Kung
De,Chiang
Yi-Min,Kang
Dewei,Kuo
On,He
Li,Yao
Lei,Li
Li-Rong,Ho
Kong,Pai
Qing-Yuan,Tai
Guo,Tsai
Li,Tai
Cong,Chang
Ai,Tai
Feng,Fan
Jun,Yu
Yong,Chin
Heng,Lu
De,Chiu
Yan,Teng
Chang,Tsai
Tain,Chang
Jing,Tu
Mulan,Su
Wu,Lai
Zhen,Kuo
Bao,Peng
Lili,He
Ho,Tu
Yan,Chung
Ai,Hsiao
Bo,Liao
Peng,Meng
Shi,Hsieh
Wen,Mao
Park,Mao
Wu,Hsu
Li-Rong,Kung
Xiao-Hong,Shen
Ying,Tang
Fai,Kuo
Wei,Tung
Qing-Yuan,Ting
Meng,Wei
Kuan-Yin,Hsing
Xiu,Liu
Ho,Tsao
Wen,Wan
Shen,Hu
Li,Ma
Xiaoming,Hao
Jiang-Li,Wan
Mulan,Li
On,Tan
Qiong,Niu
Hsin,Pai
Qiang,Yu
Lili,Hsu
Zhen,Chung
Xiu,Chien
Zhen,Yin
Yong,Ho
Lixue,Niu
Yi-Jie,Yen
Lee,Tien
Ling,Hsu
Bo,Hsiao
Hu,Shih
Chen,Pan
Qiang,Kang
Zi,Chien
Wang,Tao
Chung,Chiang
Ho,Li
Bo,Liu
Zhen,Cheng
Bo,Tseng
Jin,Tang
Sun,Fan
Lei,Yen
Shing,Wu
Yi-Ze,Tang
Ping,Chuang
Lien,Lo
Sying,Huang
Juan,Yeh
Cong,Ko
Cheng,Feng
Mee,Wan
Song,Yeh
Cui,Niu
Qian,Niu
Lei,Cheng
Chung,She
Li-Na,Yin
Huan-Yue,Feng
Peng,Tao
Yi-Min,Wang
Mee,Fu
Juan,Chuang
Xiong,Tsou
Park,Tsui
Lian,Chia
Bo,Hsueh
On,Kung
Ju,Ku
Huan-Yue,Hou
Zhen,Kuo
Cai,Chou
E,Tang
Yuan,Tu
Ping,Chia
Juan,Wei
Qiao,Ho
Ho,Jen
Ting,Pai
Chung,Huang
Wen,Ma
Jun,Chang
Kang,Jen
Liang,Chin
Lei,Lu
Chow,Peng
Fai,Hsia
Sheng,Peng
Xiu,Yuan
Yong,Yang
Li,Shen
Chan,Kang
Yue-Yan,Wei
Kuan-Yin,Tsou
Kang,Tien
Jing,Hsu
Yi,Hsiao
Yue-Wan,Sung
Yi-Ze,Yuan
Long,Shao
Sun,Hsu
Wei,Tu
Bao,Cheng
Li-Ming,Ting
Wan,Hsu
Kuan-Yin,Ma
Hui,Fang
Li-Mei,Hsing
Lian,Chiang
Jiao,Sung
Sun,Lu
Yue-Ying,Kang
Li-Qin,Shen
Shaiming,Chin
Chi,Hsiao
Qing-Yuan,Ko
Hong,Teng
Mee,Sun
Kong,Pan
Gang,Chien
Mee,Chen
Chen,Tsui
Chan,Yu
Yan-Yan,Ke
Sun,Tang
Huan,Tan
Chan,Tao
Guo,Yen
Yong,Fu
Li,Lo
Yul,Wei
Yuan,Sung
Yun,Tsui
Peng,Chiu
Dan,Chang
Jun,Wu
Qi,Hsueh
Chang,Cheng
Lin,Chien
Yuan,Fan
Li-Rong,Kang
Yu,Fan
Ai,Hsu
Lili,Chien
Ye,Shih
Zhi,Mao
Bi,Yin
Na,Sung
You,Hsu
Xia-He,Tsao
Genji,Ni
Ho,Chuang
Jun,Chin
Yan,Chao
Jian,Sung
Chyou,Tsai
Chyou,Hou
Qian,Ni
Wei,Ni
Lien,Tsao
Xia-He,Kung
Yi-Min,Yin
Zhi,Chien
Li,Lei
Hui,Tao
Xue-Fang,Liang
Li-Mei,Chien
Sheng,Cheng
Hua,Tsui
Lin,Tsui
Sying,Tsou
Lin,Hsueh
Shing,Jen
Shan,Chin
Bao,Jen
Xiao-Hong,Hsueh
Lei,Wang
Heng,Fang
Ping,Li
Lee,Liu
Chen,Tai
Huan-Yue,Yang
Xue,Hsu
Donglu,Tsui
Yi,Peng
Song,Ma
Feng,Ni
Cai,Kung
Cheng,Hsiung
Yi,Tang
Juan,Hsiung
Huan-Yue,Wan
Ting,Tu
Lok,Chen
Li-Wei,Mai
On,Wang
Li,Lai
Hong,Tseng
Long,Tuan
Zi,Chiu
Li-Qin,Kuo
Lee,Tuan
Jiang-Li,Li
Heng,Tai
Xue,Cheng
Qiong,Tang
Shan,Shih
Lei,She
Song,Sung
Sun,Yu
Park,Han
Shu-Fang,Shih
Chen,Yao
Wen,Chung
Xue-Fang,Ho
Tain,Jen
Xiaoming,Mai
Lien,Kao
Guo,Jen
Wei,Tien
Feng,Wan
On,Chin
Jia-Li,Tao
Bao,Chia
Qiong,Tang
Jian,Tang
Guan-yin,Cheng
Lili,Cheng
Jiao,Yen
Yuan,Wang
Cui,Niu
Zhi,Niu
Sun,Tang
Lan,Chen
Fen,Tsai
Sun,Teng
Ying,He
Chan,Chuang
Ning,Ke
Jin,Chu
Shaiming,Ting
Ying,Wu
Tain,Chang
Guan-yin,Ho
Yu-Jie,Chao
Xiao-Chen,He
Yi,Tu
Li-Ming,Wan
Xin-Qian,Chu
Chang,Wu
Mingmei,Hung
Jia-Li,Huang
Yong,Tsao
Long,Yang
Cai,Chin
Hu,Tsao
Mulan,Yin
Jun,Tu
Lok,Tsao
Xiaoming,Yu
Chi,Tu
Zi,Shao
Sying,Kuo
Xiu-Juan,Tang
Long,He
Long,Tan
Shaiming,Feng
Dong,Lei
Zhi,Chen
Li-Mei,Meng
Qing,Feng
Lian,Chang
Chan,Yu
Wu,Hsiung
Xue,Chou
Zhen,Chao
Mei,Ting
Li,Tao
Ling,Fu
Guang,Ma
Bao,Fu
Yuan,Peng
Bo,Feng
Dong,Kung
Bao,Hsieh
Jin,Liao
Li,Hsiao
De,Feng
Chi,Teng
Guo,Lo
Fang,Tsao
Hua,Hsing
Meng,Liang
Mee,Peng
Da-Xia,Tien
Tao,Tao
Qing,Chiu
Li,Yang
Lili,Tu
Ling,He
Lian,Yin
Huan-Yue,Jen
Guang,Peng
Hui,Tsao
Lin-Yao,Wang
Park,Peng
Guang,Tsai
Chan-Juan,Huang
Guo,Yu
Chung,Li
Lee,Cheng
Chow,Chen
Yun,Tsai
Mei,Shen
Xiaoming,Fu
Lei,Ke
Shi,Ni
Li,Han
Lian,Tan
Yul,Liu
Zhen-Juan,Chiu
Xia,Lo
Lee,Hsiung
Li,Niu
Meng,Sun
Hui,Tang
Ai,Tsao
Jia-Li,Jen
Feng,Chang
Xiao-Hong,Yuan
Li,Chiu
Chung,Yen
Hui,Yang
Cong,Peng
Song,Wu
Li,Yang
Fang,Tsai
Wei,Ho
Juan,Teng
Ye,Yao
Meng,Tien
Yong,Lai
Xiu,Tseng
Shaiming,Lu
Dewei,Cheng
Yun,Chang
Shu,Sun
Hui-Ying,Lo
Xiao-Hong,Hsu
Hui,Sun
Qi,Shen
Li,Ma
Dewei,Yin
Bi,Hsing
Xiang,Chen
Lei,Liao
Fen,Yuan
Meng,Yuan
Bi,Tai
Shaiming,Lai
Li-Wei,Chao
Da-Xia,Hu
On,Kang
Bao,Liao
Jin,Wan
Rong,Meng
Dong,Tsui
Wan,Chu
Wei,Hao
Xiao-Hong,He
Zhu,Kuo
Li-Hua,Ko
Feng,Su
Hui,Chang
Sying,Tan
You,Tien
Feng,Shih
Kuan-Yin,Mao
Tain,Tseng
Meng,Shao
Shu,Lu
Zhen,Yu
Wu,Lei
Qiong,Tsou
De,Tien
Lian,Lei
Guo,Chien
Ni,Kung
Zi,Yen
Hu,Chen
Wu,Kung
Mee,Shih
Zhen,Hou
Lixue,Huang
Zhu,Hsueh
Shu-Fang,Tang
Yun,Tien
Xue,Yu
Tao,Fu
Jun,Liao
Hua,Tan
Park,Ni
Tain,Pan
Hu,Ting
Yue-You,Chou
Ning,Chiang
Cai,Tsui
Jun,Chien
Meng,Chiu
Dai,Fan
Jian,Lung
Tao,Kao
Zhen,Tien
Jian,Hou
Lian,Chuang
Wen,Tsao
Jie,He
Cong,Hsia
Jia-Li,Hsu
An,Cheng
Tao,Lu
Mulan,Tao
Zhu,Shen
Yul,Liao
Ni,Meng
Yuan,Pai
Bo,Hsiao
Yun,Hsu
Zhen,Su
Xiong,Fang
Fai,Huang
Xiuxiu,Chuang
Yu,Ho
Wen,Yu
Juan,Mao
An,Li
Meng,Fang
Gang,Chao
Liang,Kung
Mingmei,Tien
Xiong,Lu
Meng,Tien
Ni,She
Sun,Tuan
Yue-Ying,Hsiao
Manchu,Yang
Bo,Liu
Xiaoming,Chia
De,Shen
Cong,Sun
Jie,Tung
Ping,Fu
Lei,Tsou
Heng,Pan
Heng,Chung
Chung,Lin
Jin,Tao
Yong,Shih
Wen,Wu
Yul,Kung
Lian,Tao
Rong,Tu
Yue-Ying,Chien
Tain,Chia
Genji,Cheng
Li-Rong,Tang
Wan,Hsia
Mulan,Chen
Lee,Mao
Jun,Chen
Fai,Hsia
Xiu-Juan,Tsao
Shuang,Chien
Feng,Ma
Manchu,Chiu
Chang,Wu
Shing,Tuan
Kong,Hao
Ho,Chao
Cai,He
Wen,Tsao
Li-Wei,Yu
Xue,Lin
Juan,Yu
Yuan,Jen
Shuang,Tsui
Yan,Yu
Jin,Tien
Guan-yin,Yuan
On,Ku
Fang,Tsui
Gang,Tung
Xiao-Chen,Hsu
Qian,Yeh
Qiang,Tao
Rong,Chung
Lien,Wang
Li,Tsao
Lee,Hung
Wu,Tan
Shaiming,Fu
Ling,Chu
Sun,Tao
Shan,Ma
Yun,Ma
Ming,Hou
Yul,Jen
Yong,Yin
Kuan-Yin,Chien
Shing,Tan
Xiong,Chin
Zhen,Lo
Kuan-Yin,Tien
Gang,Shih
Yuan,Fu
Ying,Ma
Tain,Tsai
Ying,Lei
Sun,Wu
Cheng,Mao
Kang,Tien
Yi,Yuan
Lian,Tsao
Li-Wei,He
Bao,Mai
Guo,Niu
De,Lai
Chang,Tung
Shing,Fu
Li,Hao
Chung,Chao
Cai,Fang
Park,Lin
Qi,Peng
Ming,Liao
Ying,Kao
Huan,Chin
De,Peng
Hua,Su
Jun,Lin
Jin,Kao
Lei,Chiang
Yi-Jie,Sung
Wen,Lai
Yun,Lei
Chung,Mao
Xia-He,Chou
Qing,Fu
Fen,Lin
Song,Wang
Xiao-Chen,Tung
You,Hsiung
Sying,Yu
Cong,Ni
Xue-Fang,Chiu
Bo,Tsao
Park,Tung
Lee,Kung
Yuan,Hung
Li,Pai
Lei,Wang
Fen,Tan
Cong,Tsui
Jin,Liu
Ye,Tsai
Lin-Yao,Teng
Lok,Tsai
Lee,Tien
Dewei,He
Liang,Tien
Yue-Yan,Yu
Ning,Wan
Yue-Ying,Yuan
Lei,Meng
Ai,Tan
Jiao,Lai
Yi-Min,Wu
Cong,Ke
Xiuxiu,Tsao
Dai,Fu
Bo,Chien
Mingmei,Tuan
Jiao,Lung
Kang,Lu
Lili,Lu
Hui,Chuang
Tao,Ni
Bao,Tseng
Fai,Hsu
Shi,Ku
Shu-Fang,Jen
Sheng,Hsueh
Xin-Qian,Wu
Lian,Hu
Mulan,Cheng
Yong,Hu
Yue-Yan,Wan
Yun,Yeh
Wang,Tang
Shi,Hsiung
Dan,Niu
Cheng,Ni
Wei,Peng
Yue-Ying,Kao
Shu,Chiang
Chang,Kuo
Shu-Fang,Lu
Ting,Chang
Li-Ming,Lai
Mei,Shao
Shu-Fang,Jen
Li-Hua,Wei
Yi-Jie,Hung
Gang,Chen
Ju,Chien
Wen,Tan
Long,Ni
Jin,Yin
Bo,Liu
Lei,Teng
Jian,Pai
Wei,Yu
Wen,Chiang
Qiang,Kung
Jin,Wu
Xiong,Ke
Shaiming,Wan
Dan,Hsia
Qi,Fan
Qiang,Yu
Hong,Ko
Zhu,Tai
Fang-Yin,Yuan
Shi,Mao
Yong,Kung
E,Chen
Qi,Meng
Jiang-Li,Wan
Kang,Tien
Xian,Lo
Xue-Fang,Chang
Bao,Yu
Liang,Tien
Qiong,Yang
Xiao-Chen,Tai
Li,He
An,Ho
Yu,Wu
Mulan,Ko
Bao,Peng
Mee,Wei
Genji,Shao
Lian,Chang
Li-Qin,Chou
Xia,Wang
Liang,Kang
Li-Qin,Lung
Zhen-Juan,Tien
Meng,Kuo
Huan,Wu
Hui,Ting
Mingmei,Huang
Mei,Yen
Yu,Su
Yue-Wan,Hsia
Ping,Yuan
Li,Chiu
Hsin,Chung
Yue-Ying,Chien
Yue-Yan,Pan
Dan,Li
Shi,Feng
Park,Su
Hsin,Tseng
Yuan,Tuan
Park,Chiu
Ai,Chiang
Cheng,Kang
Xiang,Fan
Lixue,Teng
Mingmei,Tsui
Jun,Lai
Kong,Hu
Lian,Tsao
Lee,Lin
Ye,Wu
Chang,Chien
Feng,Chia
Qi,Hu
An,Pai
Guo,Hou
Hu,Hsia
Shaiming,Tsao
De,Chin
Yi,Yao
Bao,He
Meng,Chang
Kang,Yang
Long,Tien
Genji,Hsiao
Cheng,Ko
Lien,Peng
Qiang,Lo
Yue-Ying,Tsou
Zhen,Sung
Lei,Lin
Tain,Ting
Xiang,Tao
Fai,Chung
Bi,Ni
Xia-He,Sun
Li-Mei,Ku
Wen,Tao
Li-Mei,Yuan
Yan-Yan,Tung
Da-Xia,Chiang
Xiong,Tang
Kang,Kung
Guo,Tan
Li-Hua,Hu
Lee,Yu
Hui,Meng
Chen,Chien
Dewei,Wan
Huan-Yue,He
Hsin,Yu
Long,Tsui
Lee,Peng
Ju,Hsu
Li-Rong,Ko
Chen,Pai
Li,Wan
Wei,Tsai
Xiaoming,Hu
Na,Lai
Kuan-Yin,Wei
Yue-Yan,Ma
Qi,Kang
Yong,Lung
Huan-Yue,Hsing
Shaiming,Han
Kang,Liu
Gang,Su
Sun,Fan
Bo,He
Jie,Cheng
Sying,Shih
Park,Hsu
Lin,Tao
Park,Lei
Bo,Tuan
Shing,Kuo
Wei,Hao
Shaiming,Hsiao
Yuan,Hsueh
Mei,Yuan
Sheng,Chia
Cui,Chuang
Cui,Tan
Manchu,Tsao
Guo,Hsieh
Ju,He
Chung,Shao
Qiang,Ni
Ho,Yu
Shan,Hsu
Sun,Mao
Lien,Hsu
Chan,Hsueh
Ming,Tseng
Lan,Chen
On,Fan
Chen,Hu
Chang,Tu
Heng,Meng
Yun,Lu
Ho,Wei
Xiao-Chen,Chou
Lee,Ku
Bao,Han
Cai,Yuan
Hu,Lai
Sying,Hsieh
Shen,Chuang
Yi-Ze,Tang
Ju,Lo
Bao,Tsui
Yan,Tan
Lee,He
Yuan,Chao
Da-Xia,Hsia
Sying,Lung
Cong,Yen
An,Li
Zhen,Lu
Dai,Tien
Park,Chin
Ho,Yin
Hu,Han
Wei,Yu
Cui,Chang
Wan,Tsao
Yu,Su
Hui,Hung
Huan-Yue,Chuang
Yu,Hsieh
Shing,Tang
Ju,Chin
Dai,Hsing
Li,Ho
Yan,Wang
Fang,Chin
Qian,Fan
Jun,Yang
Sun,Yen
Shu-Fang,Chiu
Shuang,Lei
Lei,Chiu
Yue-You,Peng
Wu,Hsia
Shaiming,Tao
Chung,Hung
An,Hu
Bo,Chuang
Xiao-Chen,Chen
Manchu,Tien
Cai,Wu
Mei,Peng
Fai,Tsui
De,Ni
Sying,Ko
Bao,Ho
Cong,Cheng
Qing,Chu
Jie,Yuan
Dong,Sung
Yuan,Lu
Cong,Ku
An,Liang
Zhu,Han
Da-Xia,Ko
Donglu,Niu
Hui,Ma
Chung,Chien
Bao,Kang
Lien,Hsu
Peng,Tsui
Yue-Ying,Wei
Cong,Yen
Chung,Mao
Hui,Tsou
Xiong,Hung
Jing,Mai
Yi,Tsai
Tain,Hsiung
Ho,Mao
Meng,Ke
Jie,Hu
Ju,Peng
Yi,Tsao
Cong,Ko
Li-Mei,Cheng
Hua,Pan
Qing-Yuan,Hsia
Guang,Lin
Yuan,Tan
Gang,Niu
Yun,Pai
Chyou,Wu
Bao,Kao
Lee,Tseng
Shu-Fang,Chin
Tain,Tsai
Xiaoming,Chin
Long,Hsia
Kong,Peng
Heng,Su
Dong,Su
Lin-Yao,Kuo
Zhi,Chao
Shi,Chin
Ho,Lu
Dong,Niu
Yan,Hsu
Shing,Liu
Manchu,Fang
Chung,Chien
Huan-Yue,Kuo
Sying,Lung
Ni,Wei
Cai,Tsai
Qiong,Sun
Li-Hua,Tu
Yuan,Tao
Jia-Li,Hsieh
Da-Xia,Liang
Feng,He
Lee,Lu
Li-Wei,Tan
Cai,Tu
Qiang,Tang
Qiong,Ho
Peng,Hsueh
Guan-yin,Huang
Xin-Qian,Chang
Ying,Chou
Juan,Tang
Hui,Chen
Kuan-Yin,Ke
Ho,Yuan
Wen,Meng
On,Cheng
Yan,Chien
Song,Wang
Fai,Cheng
Li-Wei,Niu
Ho,Hsiung
Rong,Li
Park,Chen
Jian,He
Bo,Tai
De,Yen
Huan,Hsu
Zi,Fang
Qing,Shao
Qing,Pan
Da-Xia,Tu
Chan,Kao
Li,Tan
Jiao,Yin
Yue-Wan,Tseng
Yuan,Tang
Jin,Fan
Lien,Chang
Chan,Tao
Bao,Liang
Bao,Kao
Yue-Wan,Yu
Xia,Cheng
Xin-Qian,Meng
Bi,Cheng
Long,Tang
Ning,Fan
On,Wan
Mingmei,Hsieh
Ning,Pan
Lei,Kang
Mei,Ting
Guo,Tseng
An,Lu
Wang,Chuang
Cheng,Lo
Chi,Hsing
Xiong,Tai
Zhen,Tang
Lee,Tan
Xiong,Mao
Lin,He
Yan-Yan,Hsueh
Xue,Chia
Xue,Kung
Shing,Hsing
Li-Mei,Yu
Long,Huang
Hu,Mao
Ming,Yu
Long,Cheng
Song,Tsao
Yul,Tuan
Yue-You,Shen
Ying,Tao
Shuang,Tao
Chow,Yuan
Hsin,Su
Bao,Yuan
Li-Qin,Hu
Sying,Mai
Hu,Hsueh
Tao,Mai
Xian,She
Chow,Han
Dai,Shao
Wei,Chiu
Qi,Mai
Yan-Yan,Kung
Shing,Yen
Bo,Jen
Li-Na,Feng
Yi-Ze,Kang
Lixue,Tan
Yul,Tsou
Liang,Chen
You,Kuo
Wen,Wang
Lei,Hsiung
Bi,Pai
Sheng,Lu
Bi,Shen
Jun,Hsueh
Cai,Yin
De,Hsiung
Feng,Cheng
Chyou,Mao
Xiaoming,Sun
Zhu,Ho
Zi,Chien
Qiong,Kang
Hsin,Chia
Hong,Mao
Tao,Tang
Tao,Chen
Xiu,Tsou
Jian,Chuang
Huan-Yue,Tung
Li-Qin,Lu
Long,Teng
Xiong,Tsao
Ying,Hsieh
Chung,Wang
Lian,Tsao
Chan,Chu
Ju,Tsui
Jun,Su
Cheng,Kung
Park,Lu
Ling,Tien
Zhen-Juan,Peng
Xue-Fang,Hsiung
Donglu,Shao
Li,Tan
Chung,Hung
Wen,Huang
Cai,Liu
Yue-Wan,Chao
Bao,Chin
Bao,Kao
Shan,Yeh
Guo,Fan
Ming,Peng
Chen,Lin
Hu,Ma
Ming,Meng
Hu,Hu
Kang,Chien
Song,Tsao
Hui-Ying,Tseng
Jin,Chang
Yuan,Cheng
Yuan,Wang
Park,Chao
Li-Mei,Ni
Jun,Yao
Cai,Kao
Lee,Chung
Sun,Yeh
Bao,Chang
Meng,Kao
Xiu,Tang
Yi-Jie,Chiu
Shan,Tuan
Hui-Ying,Wei
You,Chien
Shi,Sun
Yun,Kang
Hu,Yang
Lei,Hung
Manchu,Yeh
Long,Ko
Bao,Yao
Chan,Hsu
Liang,Hsu
Jin,Hsu
Hsin,Liao
Xian,Chu
Wei,Wan
Yong,Pan
Yi,Hsueh
Li-Rong,Han
Li,Hao
Feng,Huang
Cong,Chao
Chung,Tuan
Sun,Niu
Ting,Shao
Ling,Ting
Xia,Niu
Cai,Jen
Yuan,Yang
Ni,Fan
Mei,Han
Cong,Wan
Long,Ke
Xiaoming,Lu
Sying,Chang
Ling,Chia
Long,Ko
Ling,Hsing
Bo,Chu
Meng,Hsu
Chan,Chiu
Chan,Ting
Gang,Wei
Li,Hung
Sun,Cheng
Yul,Tsui
Fai,Chiu
On,Lei
Sheng,Tuan
Hsin,Jen
Jin,Sun
Kuan-Yin,Hsia
Liang,Lai
Qi,Fang
Wei,Chuang
Bo,Ho
Huan-Yue,Ting
Xian,Chu
Li,Ke
Ai,Ma
Liang,Hsing
Sheng,Huang
Park,Lo
Chi,Lin
Manchu,Liao
Fai,Tsou
Bao,Huang
Rong,Liu
Ye,Fang
Guan-yin,Tsai
Park,Kung
Ai,Cheng
Shing,Wei
Chan,Pan
Shing,Lu
Juan,Meng
Yu,Shih
Zhi,Tien
Lili,Lo
Qi,He
Bao,Peng
Wen,Hsieh
Xiao-Chen,Tao
Chyou,Tan
Ping,Hsieh
Bi,Tsai
Lei,Tsui
Lee,Hsia
Sun,Hou
Lin-Yao,Kao
Hua,Wu
Park,Peng
Mee,Hsiung
Cong,Niu
Peng,Tao
Guo,She
Yue-Wan,Liu
Wu,Hsu
Yan-Yan,Kao
Hui,Hu
Hui,He
Bao,Tung
Yong,Tsao
Lixue,Lu
Chan,Hsiung
Ling,Tsai
Manchu,Chia
Ho,Hsieh
You,Chien
Jin,Ting
Lin-Yao,Lo
Feng,Tung
Hui,Jen
Cai,Chia
Bo,Lai
Zi,Mao
Lian,Hsueh
Qi,Chen
Chang,Huang
Lili,Wang
Fang,Hsueh
Xue,Sun
Cui,Tsao
Chang,Hsueh
Gang,Wu
Zhen,Tsao
Ye,She
Feng,Chen
Guo,Tan
Shu-Fang,Tsai
Kang,Yin
Hui-Ying,Wu
Zhen-Juan,Yu
Qiong,Cheng
Hui-Ying,Tsai
Chang,Lo
Cheng,Tsai
Hui,Tien
Tao,Kuo
Shuang,Shen
Yong,Chiu
Yan,Cheng
Hsin,Meng
Meng,Tai
Lei,Hsueh
Ming,Tuan
Chan,Cheng
Lee,Chung
Jing,Kung
Bao,Yeh
Da-Xia,Yu
Lan,Pan
Jiang-Li,Lin
Fai,Chiu
Shan,Mai
Mulan,Yu
Mee,Jen
Juan,Yao
Yu-Jie,Ku
Shuang,Tao
Cong,Tuan
Yong,Chin
Jie,Niu
Cheng,Chiu
Cui,Pan
Yuan,Pan
Cong,Tuan
Lan,Chien
Yong,Peng
Qiong,Chin
Xin-Qian,Yeh
Yun,Chiu
Zhi,Sun
Ni,Tang
Jiang-Li,Chiang
Xia-He,Yu
Hui,Chin
Wei,Lo
E,Tsai
Feng,Tuan
Yi-Min,Hsing
Sheng,Lung
Cai,Lu
Jian,Han
Park,Teng
Ping,Hsueh
Jun,Chao
Mingmei,Ko
Xiao-Chen,Hsieh
Dewei,Tseng
Liang,Lung
Jia-Li,Yuan
Cong,Hsiao
Qing,Liang
Yong,Tan
Kang,Tien
Yu-Jie,Ma
Sun,Yao
Kong,Hsia
Jian,Hsueh
Yuan,Chou
Qiang,Lei
Wang,Hung
Cai,Hung
Wei,Huang
Zhen,Tu
Long,Hsiao
Shu-Fang,Chu
Song,Lung
Zhen-Juan,Ting
Lan,Tien
Ting,Tsou
Juan,Tao
Fang-Yin,Chen
You,Liu
Jie,Ho
Huan,Lei
Gang,Chen
Yi,Lin
Wu,Chang
Dewei,Hao
E,Tao
Yi,Hung
Kong,Tan
Meng,Niu
Xin-Qian,Chuang
Ai,Mao
Xue-Fang,Tao
Sun,Yao
Yun,Tao
Yue-Wan,Yen
Chan,Kung
Feng,Pan
Guo,Shao
Yun,Peng
Jia-Li,Niu
Park,Kung
Chyou,Li
Yul,Meng
Lian,Chin
Sun,Ni
Peng,Tang
Chow,Lu
Dong,She
Tain,Lu
Qiang,Ku
Jin,Hsiung
Chen,Lai
Donglu,Teng
Sun,Hsiao
An,Huang
Shaiming,Hu
Qing,Han
Ai,Kuo
Lixue,Mai
Li-Ming,Ko
Yuan,Yu
Tao,Lai
An,Yen
E,Hsia
Guo,Tang
Donglu,Hou
Ying,Chuang
Xiaoming,Shao
Yi,Yin
Yan-Yan,Jen
Lin,Yin
Feng,Shao
Li-Ming,Tien
Jin,Peng
Ting,Wei
Lei,Lai
Li,Tsou
Juan,Tsai
Qiong,Chiang
Li-Ming,Wei
Lok,Tseng
Yun,Sung
Sheng,Han
Yi,Hsieh
Xiu-Juan,Hsu
Donglu,Chao
Qing-Yuan,Ma
Bo,Tan
Wen,Tung
Jin,Feng
Long,Chang
De,Han
Xue,Lin
Yul,Chien
Chung,Hsiao
Jiang-Li,Pan
Li,Chin
Xiuxiu,Chia
Sheng,Pan
Guo,Hsueh
Sun,Yin
Hui,Hsueh
Ai,Ku
Xin-Qian,Pan
Kuan-Yin,Fu
Li-Qin,Tsao
Shan,Tang
Qing-Yuan,Pan
Chan,Chia
Qing-Yuan,Tseng
Chan,Ko
Xue,Wang
Cong,Hu
Yan,Tan
Lan,Chien
Yuan,Hao
Hui-Ying,Hou
Genji,Pan
Feng,Yuan
Yue-Wan,Hsu
Dewei,Tien
Yue-Wan,Chiang
Yan-Yan,Hu
Jia-Li,She
Feng,Chin
Yu-Jie,Cheng
Zhen,Su
Jing,Yu
Yi-Jie,Feng
Yi,Tseng
Shing,Ke
Chow,Tseng
Jie,Yang
An,Chang
Chan,Li
Wu,Lu
Yi-Ze,Wan
Cai,Shao
Wu,Shih
Chi,Hsia
Kong,Chen
Lei,Pan
Xin-Qian,Tuan
Mee,Liao
Shi,Hao
Manchu,Tang
Lei,Yang
Xia,Huang
Hu,He
Chow,Hsiao
Chang,Hou
Juan,Cheng
Meng,Tsai
Li-Ming,Fang
Ling,Jen
Shu-Fang,Hsiung
Donglu,Ting
Guang,Yuan
Shuang,Teng
Dan,Chen
Wen,Mao
Meng,Chang
Cong,Chia
Hu,Tsao
Chen,Wang
Wen,She
Hua,Tang
Jian,Yu
An,Tsao
Cai,Li
Lee,Feng
Qing,Yao
Ning,Lei
Cui,Hsiung
Tain,Sun
Li-Wei,Tang
Dong,Lin
Wu,Chao
Yul,Chin
Zhu,Chang
Bao,Tan
Li-Na,Chin
Xue-Fang,Liang
Yong,Chien
Cong,Chiu
Hui,Hu
Yong,Tao
Jie,Tan
Song,Shao
Peng,Tseng
Genji,Ma
Chi,Chiu
Lin-Yao,Tseng
Park,Chia
Wei,Tsai
Yue-Ying,Lai
Xia,Mai
Park,Cheng
Bi,Ko
Shaiming,Ko
Li-Rong,Yen
Yuan,Liang
Wen,Yin
Yi,Ma
Jiao,Tseng
Jun,Tai
Yuan,Tien
Guo,Hsiung
Shi,Tuan
Ho,Tseng
Ning,Liu
Guan-yin,Tuan
Ming,Chang
Chen,Feng
Lixue,Han
Lok,Liang
Wei,Lu
Hsin,Lai
Liang,Sun
Yuan,Peng
Ting,Chien
On,Shao
De,Ma
Shen,She
Li-Wei,Peng
Guang,Chin
Xiaoming,Tsai
Xin-Qian,Hsueh
Juan,Shih
Chow,Chiang
Ye,Ho
Xiao-Hong,Yeh
Juan,Hao
Sun,Mao
Song,Chien
Xue,Chia
Yi-Jie,Liao
Chung,Hsiao
An,Lu
Lili,Lai
Li,Kung
Bi,Fu
Jiang-Li,Yang
Hui,Tu
Chang,Yao
Lee,Chiu
Fang,Tsui
Long,Jen
Ning,Tseng
Long,Tu
Xiao-Hong,Chou
Xiang,Wan
Jun,Kang
Kuan-Yin,Tu
Yul,Tsui
Juan,Chang
Sun,Mai
Wen,Chao
Zhen,Ho
Jie,Chien
Huan-Yue,Yang
Chen,Huang
Jie,Tseng
Xue-Fang,Hsu
Shan,Ni
Donglu,Hsieh
Xiong,Lin
Yuan,Chang
Feng,Tan
Hui-Ying,Meng
Chyou,Tang
Sying,Chia
Lei,Lung
Ye,Ho
Lin,Wan
Jun,Hsu
Chyou,Ting
Zhu,Su
Xiuxiu,Yang
Dewei,Tuan
Sun,Hsieh
Yi-Min,Lung
Xian,Liao
Jia-Li,Feng
Li-Ming,Chiu
Mei,Hsiao
Ying,Peng
Yi-Jie,Kao
Guang,Tsai
Yuan,Chang
Li-Na,Ni
On,Cheng
Na,Fang
Guang,Ni
Li-Qin,Yu
Ying,Liang
Lee,Tsui
Liang,Tuan
Zhen,Pai
Yun,Fan
Hui-Ying,Ke
Ye,Wu
An,Fan
Tao,Tsao
Tain,Tan
Chen,Peng
Yi-Ze,Huang
An,Fu
Bao,He
Xian,Hsu
Feng,Lai
Guan-yin,Yeh
E,Hu
Dan,Tsai
Qi,Lai
Chan-Juan,Tsao
Feng,Feng
Li-Wei,Wan
Mingmei,Chang
Sheng,Cheng
Feng,Chang
Jin,Lo
Yu,Tsai
Wu,Chang
Hong,Hsu
Jiang-Li,Chia
Dai,Chia
Lien,Chin
Hu,Yang
Shing,Chao
Yu,Wu
Kuan-Yin,Hsing
You,Liang
Guan-yin,Su
Peng,Pan
Ting,Sun
Lee,Lin
Fai,Shao
Ni,Tai
Li,Hao
Wang,Niu
Hsin,Peng
Zi,Feng
Cai,Tan
Xiang,Tien
Tao,Chin
Lian,Han
Chung,Chou
Yu-Jie,Han
Ling,Hsiung
Yi-Jie,Tsao
Bi,Hsing
Yu-Jie,Lo
On,Yuan
Heng,Hsing
Hui-Ying,Meng
Jun,Mao
Li-Na,Hsu
Li,Chien
Yi,Tao
On,Chiu
Xiuxiu,Tsai
Juan,Teng
Ning,Hsueh
Yul,Han
Huan-Yue,Ho
Gang,Liang
Kong,Tsui
Shuang,Ma
Xue,Chuang
Shan,Sung
Dong,Yang
Bo,Shen
Shu,Sun
Sun,Tsao
Jun,Tan
Guang,Hsueh
Li,Cheng
Shaiming,Hsiung
Bao,Hsia
Bao,Teng
Shi,He
Qing,Meng
Yu,Lo
Jiang-Li,Tuan
Jing,Tu
Sun,Niu
Yi,Mai
Wei,Ko
Cai,Chiu
Zhen,Chin
Yuan,Yuan
Qi,He
Li-Rong,Fu
Feng,Kao
Wu,Peng
Zhu,Hung
Gang,Yeh
Zhen,Tien
De,Chuang
Xiao-Hong,Chiu
Xiu,Ke
Fen,Hsieh
Sun,Huang
Lok,Wan
Lixue,Chin
Chyou,He
Hui-Ying,Yu
Ju,Hsing
Qian,Pai
Ni,Fang
Yue-Yan,Tai
Yan,Hsing
Xue,Hsu
Ming,Liang
Guo,Tsui
Shaiming,Chang
Guang,Mai
Yue-You,Mai
Jun,Kung
Ai,Hu
Shi,Hsu
Ling,Lai
Wei,Chang
Manchu,Sung
Park,Kang
Lien,Li
Cai,Hsu
Yul,She
De,Hsing
Chung,Kuo
Meng,Yu
De,Liang
Mei,Tien
Yuan,Tan
Bo,Chuang
Chen,She
Wang,Ma
Lee,Chiu
Wu,Tseng
Shi,Hung
Mulan,Hsueh
Bao,Hsiung
Park,Teng
Xia,Hao
Bao,Ku
Xiu-Juan,Kung
Liang,Chien
Cheng,Tsui
Yul,Chien
Shan,Huang
Manchu,Tao
Xiao-Chen,Hsiung
Shing,Tsao
Lan,Lei
Xiu-Juan,Peng
Jun,Pan
Shuang,Wan
Guang,Chang
Park,Cheng
Heng,Chang
Ying,Lei
Qiong,Shen
Dai,Fan
Xiong,Ma
Yong,She
Ning,Tsao
Ning,Ke
Huan,Tsui
Cui,Tai
Li-Rong,Peng
Hua,Feng
Hong,Shao
Yi,Teng
Jia-Li,Fang
Lee,Tung
Song,Tang
Liang,Lei
Lok,Peng
Ming,Ko
Ai,Pai
Feng,Lai
Dewei,Tsao
Yuan,Tao
Zhen-Juan,Tsai
Lin,Chang
Cui,Hsueh
Juan,Yuan
Shan,Lin
Sun,Kao
Meng,Huang
Lee,Wu
Yi-Ze,Kang
Shaiming,Cheng
Qiong,Tung
Dong,Chiu
Ye,Yin
Lei,Ni
Lei,Ma
Sun,Tsai
Sun,Lin
Yu-Jie,Shih
Li-Rong,Ni
Yong,Tuan
Lin-Yao,Tan
Liang,Hsing
Shi,Ke
Li-Wei,Chu
Lee,Jen
Ting,Niu
Yi-Min,Yu
Li,Ni
Xiuxiu,Yang
Yong,Lu
Tain,Chu
Chung,Shen
Yong,Yu
Lee,Hsieh
Li-Qin,Hsueh
Gang,Shao
Xue-Fang,Lu
Yi-Ze,Chung
Yan,Peng
Shaiming,Lei
Guang,Tsai
Cai,Hsu
Sun,Tang
Xia-He,Ting
Yan,Hsueh
Dong,Tang
Zhen,Liang
Qiang,Pai
Ming,Ting
Lee,Yuan
Kong,Pai
Lixue,Tan
Ju,Tang
Wei,Hsueh
Yun,Meng
Qi,Chiu
Long,Sun
Chang,Chien
Xiu,Shih
Lin,Pan
Yi-Jie,Chin
Ming,Chin
Huan,Mao
Chan,Chiang
Wu,Chiang
Shaiming,Hsu
Hsin,Shen
Qing,Lo
Shu-Fang,Chin
Chyou,Tang
Li-Wei,Pan
Kuan-Yin,Su
Qian,Hsu
Sheng,Tuan
Kang,Li
Yi,Kao
Cheng,Tan
Xue,Chou
Fai,Kang
Tao,Tang
Wei,Huang
Wang,Hao
Li,Tan
Jun,Tuan
Lei,Chung
Jin,Huang
Bi,Chin
Xue-Fang,Chien
Qing-Yuan,Tan
Gang,Yeh
Shing,Chang
Lin,Hao
Fai,Pai
Xue-Fang,Yang
Jun,Shao
Bi,Tsui
Ning,Hsiao
Chan,Sun
Lin,Lei
Yi,Tseng
Ho,Chang
Huan-Yue,Shao
Chow,Chiu
Xiaoming,Chen
Sun,Yuan
Peng,Chin
Jia-Li,Lei
Jing,Tien
Xia-He,Liao
Qing-Yuan,Yu
Zhen,Li
Xin-Qian,Tsou
Ho,Chuang
Rong,Lu
Bi,Hsiung
Gang,Feng
Ho,Chao
Yuan,Lai
Cai,Huang
Song,Ma
Xiu-Juan,Chen
Yi-Jie,Peng
Xiao-Chen,Chang
Ho,Tai
Meng,Pai
Mei,Kuo
Lee,Kung
Li,Ku
Wei,Li
Lee,Mao
Yong,Tan
Sheng,Chia
Yu-Jie,Pan
Guo,Lin
Gang,Peng
Li-Hua,Hsing
Liang,Chu
Dewei,Peng
Li,Liu
Donglu,Feng
Chen,Tsao
Mingmei,Lung
Long,Kung
Li-Na,Chiu
Sun,Fang
Sun,Ke
Dan,Wu
Cui,Chia
Ni,Meng
Lei,Pan
Chan,Hsieh
Sun,Tao
Lei,Wang
Tao,Tung
Ying,Kung
Song,Lu
Yu,Mai
Xiang,Meng
Tao,Ho
Zhen-Juan,Lei
Lee,Huang
Lei,Hsu
Lian,Teng
Li-Hua,Chang
Jiao,Ma
Cui,Wu
Jian,Hsiao
Donglu,Niu
Jin,Chien
Tain,Tung
Chan,Feng
An,Lu
Bi,Cheng
Huan,Yeh
Guan-yin,Yuan
Li,Yeh
Bi,Kung
On,Tan
Bi,Ting
Lok,Hsu
Ming,Sung
Feng,Tang
Kang,Feng
Yue-You,Liu
Hui,Tai
On,Tsui
Yong,Chiu
Yong,Hou
Kong,Yao
Lee,Tien
Xiao-Hong,Kung
Jie,Lu
Lixue,Wan
Guo,Yu
Meng,Tan
Ning,Yu
Shu,Tan
Chan,Tang
E,He
Zhi,Hsing
Shuang,She
On,Teng
Xian,He
Cai,Hsu
Ping,Liang
Dong,Kung
Tao,Tsui
Cong,Jen
Chi,Lin
Chan,Kung
Xin-Qian,Ke
Li-Ming,Shih
Qiang,Chuang
Xiu,Hsiung
Shen,Pan
Long,Hsu
Hsin,Hou
Bo,Hung
Chan,Chiang
Dewei,Kuo
Wan,Hsiung
Tao,Ko
Cui,Tsou
Zhu,Hsu
Guang,Hou
Lien,Chiu
Lin-Yao,Sun
Hsin,Tsou
Li-Qin,Tang
Lin,Tseng
Sheng,Ke
Yi-Ze,Ku
On,Yu
Hui-Ying,Cheng
On,Lin
Tao,Yuan
Shen,Ko
Manchu,Pai
Xiong,Tseng
Tao,He
Ling,Chien
Cong,Chiang
Wen,Peng
Lixue,Chu
Li-Mei,Tien
Zhu,Kuo
Yu,Yuan
Li-Na,Ni
Li-Ming,Shen
Cong,Li
Heng,Kang
Hu,Hao
Peng,Shen
Yan-Yan,Tu
Jiang-Li,Feng
Cong,Lin
Da-Xia,Yu
Xiao-Chen,Kao
Park,Yin
Yuan,Ko
Mei,Lei
Ting,Kung
Ming,Ku
Xue,Tsao
Park,Tsui
Lei,Yin
Shaiming,Lei
Feng,Tsui
Lan,Chiu
Zhen,Tseng
Jin,Sun
Lee,Tao
Shan,Niu
Li-Ming,Tsao
Song,Jen
Manchu,Chiang
E,Yu
Xia-He,Hsieh
Qi,Fu
Na,Hung
Dewei,Chen
Mei,Chin
Tao,Yu
Xue-Fang,Hsueh
Ning,He
An,Chiu
Wen,Sung
Qian,Cheng
Chen,Lei
Sun,Lei
Wei,Hsueh
Shan,Kung
Li,Chang
Tao,Tsui
Cong,Ko
Qing-Yuan,Jen
Bo,Tung
Shing,Huang
Lixue,Chuang
Dewei,Kao
Chan-Juan,Lei
Yan,Tsai
Wen,Chia
Zhen,Hao
Dewei,Tsao
Yue-You,Chien
Tao,Hsia
Li-Ming,Chiang
Xin-Qian,Kung
E,Niu
Chan,Kung
Lien,Niu
Qiao,Chien
Lee,Meng
Li-Rong,Jen
Shen,Fan
Xia,Chung
Xiang,Teng
Shing,Yao
On,Hsu
Guang,Kuo
Chan-Juan,Chin
Ning,Liu
Lian,Hsiung
Hua,Hsueh
Fang-Yin,Chiu
Hong,Yin
Hui,Sung
Peng,Ting
Yu-Jie,Yuan
Tao,Chien
Tain,Sun
Li-Rong,Tseng
Xiuxiu,Hao
Bi,Sun
Sheng,Han
Shi,Tao
Park,Huang
Sun,Yu
Sun,Tao
Shing,Ting
Mulan,Chiang
Li-Rong,Ni
Xiao-Chen,Yeh
Song,Sun
Yuan,Chao
Donglu,Tang
Jie,Ni
Tao,Tsao
Zi,Pan
Bo,Lai
Chan,Yuan
Meng,Niu
Qiang,Chia
Li-Hua,Feng
Hui,Su
Fen,Chang
Xiao-Chen,Lo
Chan-Juan,Mao
Lei,Yu
Li-Qin,Hsia
Yue-Ying,Hsueh
Yul,Su
Shu,Liang
Jin,Kung
Long,Kao
Jing,Liang
Da-Xia,He
Feng,Lung
Zhu,Hu
Da-Xia,Peng
Lee,Lin
Ho,Tsai
Long,Huang
De,Ke
Na,Chien
Long,Shih
Chen,He
Huan,She
Lian,Hsu
Jun,Hsu
Yan,Tsai
E,Chen
Lin-Yao,Kuo
Qing,Meng
Feng,Tien
Tain,Ku
Yuan,Chiu
Sheng,Hou
Jun,Tao
Yue-Yan,Hsieh
Lok,Chang
Yan-Yan,Huang
Fang-Yin,Tao
Hu,Chin
Tao,Tsui
Tao,Hsiao
Sying,Yao
An,Mai
Tao,Hsueh
Yul,Hsing
Lei,Lu
Chang,He
Qing,Tai
Lili,Chiu
Lian,Kung
Hui-Ying,Pai
Lian,Shih
Xiuxiu,Chuang
Lian,Tsui
Guo,Fu
Yi-Jie,Hsiao
Chan-Juan,Hsiao
Chan-Juan,Niu
Shi,Chao
Wei,Lung
Lee,Chien
Ying,Chao
Feng,Cheng
Cong,Yu
Shu-Fang,Tung
Da-Xia,Hao
Zhi,Lung
Cai,Shen
Wei,Tu
An,Wei
Wei,Hsueh
Yue-Wan,Yu
Shuang,Kung
Xiao-Hong,Chu
Park,Tao
Hui-Ying,Ku
Chen,Mao
An,Chien
Fang,Yen
Meng,Tien
Yan-Yan,Hsiao
Shu-Fang,Niu
Manchu,Tang
Guan-yin,Cheng
Zhen,Chang
Feng,Yu
Wu,Hsia
Shing,Fan
Bo,Chen
Xiu-Juan,Hsieh
Cong,Tsui
Qing-Yuan,Tang
Yi,Teng
Tao,Teng
An,Tan
Zhu,Tao
Long,Cheng
Lok,Tsou
Fang-Yin,Chien
Zhen,Pan
Guo,Tsui
Yi-Ze,Chao
Lok,Liang
Fen,Chung
Xiao-Hong,Chiang
Yue-Wan,Tung
Chyou,Wu
Ai,Chang
Donglu,Tseng
Zhen,Chia
Shaiming,Chiu
Ye,Li
Ho,Chiu
Ying,Hsiao
Heng,Tan
Chan,Yu
Feng,Tang
Cheng,Tang
Yue-You,Pan
Yi-Ze,Chao
Ming,Chang
Na,Lei
Xia-He,Mao
Fang-Yin,Tan
Yu,Yen
Yan,Shih
Chyou,Cheng
Jun,Tao
De,Shen
Shan,Yu
Long,Hsing
Shu-Fang,Meng
Tao,Chin
Jie,Li
Lian,Chung
Shuang,Tsui
Juan,Chien
Qian,Wang
Genji,Tai
Yan,Lung
Yu-Jie,Chao
Tao,Chin
Tain,He
Park,Tan
Cong,Tai
Shen,Chang
Li-Wei,Chu
Li-Ming,Yao
Lok,Ting
Cai,Chiang
Dewei,Lo
Kang,Hsu
Manchu,Tseng
Xue,Chia
Zhu,Tao
Wang,Chiu
Feng,Chung
You,Yang
Jin,Chang
Ning,Tsou
Xue,Huang
Cui,Hung
Yul,Hung
Qiong,Hsiung
Liang,Tsui
Huan,Shen
Peng,Liang
Chung,Mao
Yul,Tsui
An,Su
Ni,Liang
Hui,Chang
Meng,Peng
Lei,Cheng
Ting,Tien
Zhen,Hsiung
Lei,Shih
Li-Na,Yao
Zhen,Pan
Lixue,Chia
Yuan,Hsiao
Feng,Teng
Tao,Chen
Ling,Hsiung
Shen,Chao
Sheng,Ma
Cai,Hsiung
Ai,Yuan
Cheng,Chu
Tao,Kang
Lee,Tsai
Guan-yin,Shao
Dan,Chin
Lian,Hsiung
Fang,Lung
Mulan,Tai
Huan-Yue,He
Xue,Kung
Tain,Tsui
Meng,Hsing
Li,Tsai
Shu-Fang,Hsing
Ni,Tsou
Li-Hua,Chia
Fang-Yin,Chu
Yi-Min,Hsueh
Jian,Hsueh
Jin,Su
Lei,Tang
Chyou,Hsueh
Yan-Yan,Chin
Qian,Ma
Zi,Kuo
Xiang,Hsueh
Zhen,Lei
De,Yao
Sun,Hao
Chan-Juan,Chuang
Ho,Kao
Chung,Tang
Sheng,Lei
Ho,Yen
Xiuxiu,Cheng
Tao,Wu
Ni,Chin
Na,Liu
Peng,Yuan
Qian,Pan
Chi,Li
Sun,Hsing
Feng,Lei
Yun,Jen
Qi,Lin
Bo,Chou
Jian,Teng
Yun,Chao
Park,Lei
Tain,Yao
Jun,Chu
Chung,Pai
Yuan,Hou
Zi,Lu
Lee,Kuo
Chi,Kao
De,Liang
Feng,Fang
Guo,Tang
Qiong,Pan
Yi-Jie,Chin
Tao,Tsao
Yi,She
Manchu,Lai
Li-Rong,Kao
Fen,Cheng
Zhen,Hao
Ye,Hsing
Ho,Lung
Xiu,Tien
Ju,Tseng
Sheng,Tang
Kong,Peng
An,Tu
Lei,Yin
Cong,Mao
Shen,Tsui
Yue-Yan,Kao
Guang,Chiang
Wei,Yen
Lien,Tai
Dewei,Han
Wu,Tien
Guo,Shao
Dewei,Pan
Yi,Wang
Juan,She
Bao,Shao
Heng,Yen
Liang,He
Hui,Fang
Rong,Tsao
Zhen,Yu
Tao,Hsu
Fang-Yin,Tu
Bao,Ma
Lan,Wang
Chi,Liu
Lok,Hsueh
Cheng,Teng
Chen,Hsia
Lok,Meng
Hui,Ma
Qiang,Chiu
Jun,Huang
Li-Ming,Tsai
Xue,Yang
Li-Mei,Chin
Song,Tien
Wen,He
Yul,Tsai
Tao,Wei
Xue-Fang,Yuan
You,Fan
Chan-Juan,Chung
Lin-Yao,Fu
Sun,Mao
Bao,Tien
Yi-Min,Hsieh
Meng,Hung
Jing,Tien
Li,Lin
Sheng,Liu
Hui-Ying,Chin
Ho,Yu
Park,Pan
Wen,Chen
Cai,Shen
Ju,Jen
Ming,Tu
Yi-Min,Tsai
Chen,Tsai
Lien,Fu
Shen,Ni
Wan,Peng
Lee,Tseng
Lee,Wu
Hsin,Yin
Shing,Tsou
Juan,Hsueh
Jian,Ko
Yue-Wan,Chang
Qi,She
Lien,Pan
Park,Wan
Lian,Peng
Jie,Kuo
Kang,Chin
Ho,Chin
Chow,Hsiao
Cai,Liu
Qiang,He
Shan,Wan
Shu,Ho
Song,Tsao
Yue-Yan,Tang
Jun,Chen
Xiu-Juan,Hsu
Zhen,Liao
An,Cheng
Lixue,He
Dan,Chien
Qing,Chen
Lin-Yao,Huang
Wei,Li
Mulan,Pan
Chyou,Tien
Hsin,Hsiung
Xin-Qian,Chiu
Sheng,Jen
Chi,Tsou
Kang,Tai
Shaiming,Tien
Manchu,Li
Lok,Hsieh
Li,Hou
Lee,Ho
Sun,Liu
Hu,Ku
Gang,Liao
Peng,Tang
Kang,Chang
Shu,Niu
Yue-Wan,Yuan
Manchu,Hsia
Tao,Cheng
Li-Rong,Fang
Jin,Chao
Gang,Cheng
Xian,He
Ping,Hsiung
Yue-Yan,Niu
Li-Ming,Hsiao
Peng,Chiu
Hui,Liang
Ho,Ko
Lee,Yu
Chow,Tsai
Cheng,Hao
Xin-Qian,Lei
Xue-Fang,Hu
Cui,Yao
Peng,Liao
Ning,Chang
Shu-Fang,Hsu
Ye,Chien
Lee,Li
Hui,Hsing
Feng,Feng
Tao,Shao
Hui,Hou
Qiang,Chiu
Jia-Li,Shen
Bo,Ke
Hui-Ying,Ting
Chow,Tseng
Meng,Chen
Li-Rong,Peng
Lian,Fu
Wei,Kuo
Chan,Sun
Manchu,Mao
You,Meng
Tao,Yuan
Yuan,Chiang
Manchu,Peng
Qiang,Tsao
Da-Xia,Tang
Qing-Yuan,Chu
Lien,She
Guan-yin,Tien
Chow,Lei
Feng,Han
Shing,Chang
Hu,Hsiung
Mulan,Shen
Guo,Yin
Ling,Tsai
Shan,Sung
Yu-Jie,Chen
Cai,Niu
Cui,Meng
Zhen,Chia
Lee,Hsu
Yu-Jie,Liu
Qiong,Tan
Li-Mei,Wang
Tain,Yu
Kong,Tang
Park,Liu
Kong,He
Liang,Chu
Lei,Chung
Shaiming,Meng
Lin-Yao,Tai
Yuan,Yin
Lei,Feng
Lok,Mai
Yi-Ze,Tan
Zhen,Lai
Qiong,Tsou
Qiang,Lung
Li-Rong,Hsueh
Chang,Tu
Gang,Ho
Jiang-Li,Ni
Guo,Chao
Tao,She
Jun,Tang
An,Kang
Long,Chuang
You,Chin
E,She
Song,Hsueh
Chan,Tsai
Yi-Min,Lin
Jing,Cheng
Zhen,Huang
Chi,Chung
Feng,Tsui
Ye,Kao
Ye,Peng
Yi-Ze,Chin
Lei,Mai
Yi,Hsia
Song,Tseng
Fang,Tsui
Yi-Jie,Tan
Chung,Fu
Tao,Yu
Chung,Shih
Bo,Yu
Song,Niu
Li-Mei,Wan
Lee,Mao
Jun,Tuan
Kang,Mai
Hu,Han
Yi-Ze,Hsueh
Ting,Kuo
Ping,Fan
Chan,Chiu
Qiang,Kuo
Wang,Fang
Ning,Niu
Chang,Pai
Ting,Tu
Li-Hua,Shao
Chang,Tsai
Zhu,Tsou
Dong,He
E,Fu
Kang,Ma
Kang,Yen
Zhi,Tan
Kang,Su
Qing-Yuan,Lei
Jian,Hsiao
Hui,Tai
Jie,Chen
Jun,Kang
Shing,Wang
Li-Rong,Yu
Xiu-Juan,Tsui
Yan-Yan,Yeh
Heng,Wan
Wen,Tu
Yuan,Yeh
Guo,Ke
Hui,Kung
Song,Yeh
Bao,Chiu
Hong,Lei
Juan,Tsui
Park,Peng
Shu,Tsui
Hu,Liu
Jun,Ni
Gang,Ke
Bao,Shao
Ming,Tu
Sying,Wu
Yi,Chia
Mei,Hsing
Feng,Ho
Lin,Yang
Xue,Wang
Zhu,Niu
Meng,Chiu
Chen,Kung
Shaiming,Mao
Ho,Chiu
Xue-Fang,Hou
Xiong,Yang
Qiao,Chou
Song,Fan
Wang,Teng
Bo,Chiu
Yu-Jie,Yin
An,Tsao
Shen,Tai
Li-Wei,Chou
Xiaoming,Su
Jin,Tu
Yi-Ze,Hao
Ling,Hsueh
Ju,Liang
Li-Wei,Chung
Li,Chiu
Yuan,Tsai
Wen,Tao
Hong,Chung
Kang,Chia
Xiaoming,Jen
Peng,Fu
Chen,Peng
Peng,Hsiao
Zhen,Ho
Xiang,Chang
Peng,Tang
Xue-Fang,Yen
Shing,Hsueh
Shi,Shih
Rong,Jen
Shing,Hsia
Li,Hung
Park,Chao
Hu,Cheng
Chan,Lung
Zhen,Yen
Feng,Cheng
Chan,Peng
Yu,Peng
Yu,Shih
Shen,Tao
Liang,Fu
Li-Wei,Hao
Long,She
Long,Pai
Tain,Tai
Yu-Jie,Chou
Chow,Kung
Park,Chang
Cui,Yu
Lei,Chao
Wang,Hsiao
Ting,Liu
Qi,Tuan
Ling,Hsia
Mulan,Tien
Li-Ming,Chiu
Bi,Lu
Bo,Yen
Kuan-Yin,Hsia
Ye,Tseng
Manchu,He
Xia,Hu
Hsin,Tsao
Li-Rong,Lung
Hui,Chuang
Cai,Chia
Sun,Cheng
Li-Qin,He
Feng,Chen
Chi,Lei
Xiaoming,Pan
Ling,Su
Yi,Hsu
Chan,Kuo
Jun,Chiu
Shaiming,Niu
Shu-Fang,Fan
Yue-Wan,Wan
Hu,Su
Bo,Tseng
Wang,Lin
Lei,Tsao
Cong,Hung
Kang,Kuo
Ho,Lai
Bao,Hsiung
De,Cheng
Peng,Chiu
Na,Tung
Shen,Ma
Hui,Kao
Zhen-Juan,Wei
Yuan,Ting
Xia,Chou
Huan-Yue,Hsueh
Park,Hsing
Lei,Tsui
Lei,Lung
Xia-He,Hsieh
Lin-Yao,Liu
Heng,Ko
Li,Fan
Yong,Li
Chung,Tang
Ping,She
Zhen,Lo
Li,Fang
Yi,Han
Na,Chao
Li-Na,Tang
Yuan,Hsing
Fang-Yin,Yeh
Fai,Hsing
Li-Rong,Yeh
Sun,Fan
De,Kao
Rong,Teng
Ming,Ke
Xiong,Jen
Yuan,Lu
Ye,Kuo
Li-Ming,Shao
Hui,Kung
Sun,Tao
Qian,Fan
Lin-Yao,Kung
Shaiming,Tsai
Ye,Tang
Peng,Niu
Lian,Liu
Xue,Tang
Li-Qin,Tien
Hui-Ying,Tai
Cong,Fu
Fai,Sung
Park,Chung
Huan,Chuang
Lan,Ku
Hu,Chao
Jian,Jen
Ting,Kung
Lian,Chiu
Xue-Fang,Meng
Ye,Hsu
Shaiming,Chen
Wei,Chien
Hsin,Shen
Li-Wei,Liang
Chang,Peng
Hsin,Lu
Cheng,Chiang
Cong,Mai
Chung,Tseng
Zhi,Tai
Mingmei,Chen
Jin,Chiang
Zhu,Fang
Yi-Jie,Hung
Lian,Ho
Chi,Hsia
Ai,Hu
De,Chen
Jin,He
Tain,Hu
Yuan,Hao
Xiaoming,Fan
Heng,Peng
Li,Tang
Li-Ming,Lu
Lian,Yang
Yan,Feng
Donglu,Yang
Shu-Fang,Cheng
Jin,Pan
Xia,Fu
Li-Rong,Niu
Xiao-Chen,Hsueh
Sun,Meng
Xia,Lei
Zhen,Hsueh
Wei,Feng
Xiu-Juan,Lu
Lee,Kang
Kang,Tang
Ming,Pan
Wei,Shen
Feng,Tuan
Donglu,Chiang
Hu,Tsao
Qing-Yuan,Hsu
Yu-Jie,Peng
Wen,Tien
Xue-Fang,Sung
Ning,Liao
Song,Lai
Xia,Yeh
Shi,Tu
Fang-Yin,Tan
Xiao-Chen,Huang
Park,Hsu
Cai,Fang
Long,Lung
Tain,Kung
Jun,Tseng
Sun,Lu
Jie,Peng
Cai,Liang
Jing,Meng
Xue-Fang,Ni
You,Su
Long,Fang
Heng,Fang
Lei,Chiang
Li-Na,Hsueh
Tain,Tsui
Ping,Kuo
Shen,Hsia
Ni,Pai
Feng,Shih
Lok,Tseng
Wang,Chiu
Meng,Mai
Cui,Jen
Yul,Chiu
Wang,Chien
Xue,Li
Dewei,Peng
Dan,Mao
Xiao-Chen,Liang
Dai,Tien
Wen,Chung
Feng,Sun
Ling,Yin
Park,Lu
Chan,Hsieh
Li-Wei,Hsu
Cong,Shih
An,Liao
Guan-yin,Li
Yue-Yan,Liang
Shaiming,Meng
Qiang,Ho
Xiang,Chin
Hsin,Huang
Cai,Yuan
Lok,Pai
Yue-Yan,Wu
Yul,Ting
Lin,Hsu
Wei,Ho
Chi,Wang
Li-Wei,Hsueh
Kong,Hsu
Feng,Yeh
Feng,Tsai
Bo,Sun
Xiao-Chen,Fang
Yuan,Peng
Wei,Tang
Ye,Chang
Ping,Wang
Dan,Tien
Manchu,Niu
Tain,Mao
Xue,Chiu
Ning,Pai
Mingmei,She
Yi-Min,Kao
Qiang,Yu
Zi,Ko
Chi,He
Ming,Wan
Hu,Hsueh
Park,She
Yan,Hu
Hui,Chiang
Da-Xia,Liang
Dewei,Tien
De,Tao
Bi,Shen
Yu-Jie,Peng
Xiu-Juan,Hsing
Chang,Chu
Mingmei,Jen
Yi,Niu
Liang,Huang
Mei,Hung
Cai,Hsiao
Xiao-Chen,Fang
Hu,Tien
Ying,Tsou
Shing,Su
Yan,Lai
Fai,Pan
Heng,Sun
Xiaoming,Sung
Bao,Tsao
Huan,Tu
Xiuxiu,Hsu
An,Fu
Yun,Chu
De,Yen
Feng,Hsueh
Fai,Ko
Cai,Hsing
Donglu,Tseng
Yul,Chang
Hui,Lei
Yi,Pan
Chan,Chuang
Lian,Kang
Kong,Pan
Fen,Tsao
Hong,Ke
On,Wei
Li,Li
Tao,Tsao
Wen,Tang
Yul,Tao
Wan,Li
Yi,Tai
Chung,Kung
Xia-He,Wan
Dewei,Cheng
Fang,Han
Rong,Ting
Chyou,Hsiung
Jian,Mao
Chi,Mao
Cai,Yu
Yuan,Yu
Bo,Chu
Ho,Tsai
On,Hung
Feng,Liu
Cai,Tang
Feng,Ni
Zi,Pai
Wang,Ting
Hua,Liang
Ho,Chiu
Sying,Tang
Dai,Tsao
Wei,Tu
Jie,Tung
Qing-Yuan,Chin
Lei,Hsia
Kuan-Yin,Su
Rong,Chang
Ju,Kao
Chan,Yuan
Chan,Liang
Yi,Shao
Yue-Wan,Ku
Xue,Liu
Song,Su
Song,Peng
Chung,Ke
Shu,Shao
Chyou,Shao
Jin,Lung
Huan,Tsui
Mulan,Chang
Tao,Chen
Li-Wei,Lu
Bao,Ni
Na,Chin
Yong,Yuan
Mee,Tsui
Mingmei,Tsao
Lili,Yang
Jian,Tao
Kang,Chia
Chan,Fu
Lin-Yao,Chien
Wen,Hsiung
Xiao-Chen,Fang
Cai,Tsou
Cai,Chien
Lin,Chin
Dong,Yin
Chen,Mao
Lien,Tang
Chi,Tseng
Chyou,Tai
An,Tao
Dewei,Lin
Zhen,Chen
Xia-He,Wang
Lee,Sun
Ju,Lo
Xiu,Chiu
Xin-Qian,Lai
Wang,Shao
Yu,Chuang
Wei,Pai
Chi,Tsui
Zhen,Tai
Long,Tsai
Hui-Ying,Ni
Park,Hu
Yu-Jie,Tai
Ning,Tu
Lei,Tai
Cong,Yeh
Yong,Liu
Yan-Yan,Ma
Jing,Pan
You,Chuang
Qiang,Yao
Li-Ming,Feng
Xiaoming,Hsiung
Fen,Ku
Ting,Ke
Lin-Yao,Tsui
Dewei,Jen
Ho,Ku
Jie,Chiu
Liang,Lu
Hui,Wan
Meng,Wan
Lian,Chao
Ni,Pai
Hui,Li
Li-Hua,Tsui
Jing,Pan
Hui,Peng
Li-Hua,Lo
Lili,Huang
Ju,Tseng
Dewei,Hung
Bao,Chia
Lili,Pan
Chan,Hung
Wu,Cheng
Tain,Liang
Xue,Yeh
Xue-Fang,Chien
De,Tang
Heng,He
Li,Chiu
Jiao,Hung
Chan,Fu
Kuan-Yin,Pan
Gang,Pan
Park,Yuan
Chi,Niu
Long,Chia
Yi,Tang
Sheng,Huang
Yu-Jie,Ke
Sying,Ma
Meng,Hsueh
Li-Hua,Chen
Li-Ming,Mao
De,Huang
Xiong,Fang
Jin,Lung
Li-Hua,Fang
Ming,Chiang
Wu,Tien
Dong,Feng
Yong,Cheng
Hua,Chung
Chan,Chiang
Lien,Hsia
Dewei,Chang
Yue-You,Tai
Sheng,Cheng
Wen,Chiu
Zhen,Chiu
Lee,Mai
Shan,Yu
Guo,Hsueh
Fang-Yin,Lin
Feng,Wan
Shi,Lo
Li,Hsiao
Jing,Yen
Li-Qin,Ko
Dewei,Tu
Xiu-Juan,Yang
Xiu,Feng
Zhen,Yu
Jun,Tao
Shaiming,Feng
Yuan,Hou
Fai,Tao
Sying,Tang
Chang,Shen
Xiu-Juan,Tan
Qiong,Kung
Dai,Chung
Jing,Ma
Qiang,Tuan
On,Sung
Wei,Hsia
Chang,Hsu
Fen,Han
Qi,Huang
Da-Xia,Chu
Xiao-Chen,Yao
Sun,Chen
Meng,Hsiung
Tao,Pai
Cai,Ma
Bao,Ko
Cheng,Shen
Xia,Tao
Kang,Peng
Zhen,Chang
Chow,Hsing
Na,Chiang
Yan-Yan,Tao
Yul,Ting
Wu,He
Wu,Hsieh
De,Tang
Cai,Ma
Wu,Lu
Yong,Chang
Bao,Fan
Wang,Kung
Li-Wei,Chen
Jian,Yuan
Li,Li
Bao,Tsui
Yul,Ho
Yan-Yan,Fang
Long,Wu
Jian,Yuan
Liang,Tang
Bo,Pan
Lok,Fang
Yi-Jie,Tsao
Wang,Meng
Yue-You,Tao
Feng,Niu
Kong,Tuan
Fang-Yin,Chin
Juan,Chin
Kong,Yeh
Jian,Tsai
Yong,Chiu
Ying,Li
Kuan-Yin,Yuan
Yi-Jie,Chang
Bi,Cheng
Fang-Yin,Tu
Ju,Sung
Yue-Wan,Shih
E,Chen
Qiang,Tan
Zhu,Wu
Chow,Sung
Jiao,Shen
Tain,Jen
Yi,Ma
Rong,She
Jin,Shao
Lian,Hsu
Yue-Wan,Tao
Chung,Li
Shen,Fang
Chan,Chin
Kong,Li
Chan,Hsueh
Huan-Yue,Tsai
Guang,Lai
Bo,Kao
Sying,Yao
Yi,Chao
On,He
Wang,Ho
Mulan,Chang
Chan-Juan,Tan
Li-Wei,Yen
Hu,Chiu
Jian,Yeh
Guo,Hsing
Shu-Fang,Tang
Yuan,Tien
Ning,Kuo
Xiuxiu,Hsiao
Jun,Hsu
Peng,Chang
Yan-Yan,Chin
Jiao,Chen
Genji,Huang
Wei,Tai
Jian,Chao
Xiong,Peng
Ning,Chuang
Gang,Hsieh
Yan,Liu
Yi,He
Tao,Kung
Jun,Ko
Hu,Tan
Xiuxiu,Shao
Chung,Tu
Lei,Yuan
Lok,Hao
Hong,Cheng
Fai,Tsui
Hui-Ying,Huang
Genji,Tang
Gang,Yu
Lian,Sung
Bao,Tang
Donglu,Tuan
Yue-You,Peng
Wei,Tseng
Fai,Lu
Hua,Tang
Meng,Hu
Hui,Chia
Jian,Pan
Sying,Chin
Chan-Juan,Kao
Lien,Shih
Huan-Yue,Ku
Feng,Tsao
Xiong,Tsao
Fai,Tao
Li-Mei,Yu
Yu,Tao
Chan-Juan,Hsueh
Cheng,Pan
Mingmei,Fu
Li-Qin,Chin
Jin,Ku
Chan,Sun
Sheng,Tan
Ju,Meng
Yi-Min,Tsai
Park,Chiu
Wen,Pan
Lan,Lei
Yuan,Cheng
Shu,Hsieh
Cai,Shen
Yong,Yen
Yong,Hsueh
Zhen-Juan,Tao
Wang,Hsieh
Kong,Hsiung
Dewei,Yuan
Lian,Hsueh
Wen,Tao
Tao,Yen
Sying,Hao
Ming,Ke
Feng,Tao
Yuan,Yu
Wen,Kuo
Hui,Teng
Lian,Mao
Jiao,Yuan
Manchu,Teng
Chow,Tao
Jun,Yuan
Cheng,Tsui
Ju,Teng
Ting,Yu
Park,Sung
Li,Lei
Ying,Chien
Jin,Chen
Ho,Tseng
Li-Mei,Hsiung
Wei,Tan
Peng,Fan
Ming,Hsiao
Chi,Meng
Li-Rong,Tsai
Zhen-Juan,Mao
On,Pan
Fen,Chin
Ho,Fan
Chan,Tien
Shing,He
Wei,Ni
Ling,Tao
You,Lin
Ning,Cheng
Long,Fu
Yan,Lu
Jing,Chung
Shen,Chia
Lin,Tseng
Lan,Hsu
Chyou,Ma
Shuang,Sun
Jin,Yu
Li,Yao
Shu,Chung
Dewei,Tsui
Rong,Fan
Fang-Yin,Tu
Yue-Ying,Peng
Shen,Cheng
Zhi,Cheng
Guo,Tsui
Donglu,Kung
Zhen,Mai
Chi,Hsing
Lee,Meng
Park,Chu
Xue,Yu
Jin,Lai
Lei,Tu
Guo,Kuo
Qi,Peng
Tao,Meng
Dong,Yu
Shu-Fang,Chia
Long,Huang
Ping,Yeh
Qing,Hsieh
Kong,Niu
On,Lu
Cheng,Yu
Li,Hu
Chang,Niu
Yue-Wan,Ke
Yi-Jie,She
An,He
Dai,Hsiao
Jun,Ma
Gang,Hsu
Qiao,Chang
Na,Tsui
Feng,Yeh
Sying,Tsui
Ming,Ko
Chyou,Yen
Qing-Yuan,Yuan
Meng,Hu
Xiao-Hong,Liao
Manchu,Chia
Li-Qin,Yu
Chow,Tsou
Ye,Chu
Fen,Yu
Cai,Kang
Huan-Yue,Wan
Kang,Yu
Feng,Hsueh
Jun,Liu
Li-Na,Chung
Na,Wang
Xin-Qian,Cheng
Yue-Yan,Chiu
Heng,Lo
Jin,She
Jin,Kao
Yi,Chen
Tao,Wei
Chow,Hsieh
Guan-yin,Hsiao
Cong,Liang
Chang,Tan
Xiu,Fu
Gang,Shen
Ho,Chen
Yi-Jie,Chiang
Wen,Lai
Yue-You,Chien
Chan,Ni
Fai,Tsui
Liang,Tuan
Xiu,Tuan
Yul,Tang
Li-Mei,Yuan
Li,Yao
Shu,Li
Kong,He
Shi,Hsu
Qing-Yuan,Tsai
Tao,Chu
Dewei,Huang
Dewei,Tung
Park,Tsai
Heng,Peng
Li-Ming,Huang
Wu,Hsiung
Xia,Su
Manchu,Mai
Wan,Meng
Juan,Tsai
Fang-Yin,Tseng
Chan-Juan,Wu
Shuang,Yang
Jie,Ni
Feng,Tsao
Heng,Cheng
Yue-Ying,Tai
De,Lei
Yu,Chiu
Ye,Chien
Ni,Ho
Juan,Chin
Shen,Hsu
Jie,Yao
Cong,Jen
Sying,Fan
Shing,Wan
Liang,Wu
Jin,Tan
Cheng,Yeh
Park,Chiu
Shi,Chao
On,Chiu
Jin,Hou
Xiu,Ku
Song,Chien
Dong,Ting
Dewei,Wang
Yan,Shih
Xia-He,Ku
Li-Mei,She
Hsin,Tu
Mei,Chin
Manchu,Tsai
Yue-Yan,Tsui
Tain,Ku
Chi,Hsiao
Qing,Tseng
Qiong,Lung
Xiu,Kao
Chi,Lu
Jin,Hsieh
Lan,Tuan
Cai,Tsao
Sun,Tsao
Li-Wei,Tsai
Zhen,Tai
Rong,Peng
Yi-Min,Chang
Lei,Yuan
Li-Hua,Hung
Bao,Liao
Ning,Hsu
Chan-Juan,Shao
Qiao,Su
Sying,Yao
Ye,Chung
Park,Chien
Ye,Pan
Sying,Yuan
Chan-Juan,Chao
Lien,Chang
Bao,Ma
Cong,Wu
Liang,Hsueh
Mei,Hsueh
Shu,Mao
Hui-Ying,Tung
Cong,He
Manchu,Tan
Xiaoming,Yu
Hui,Feng
Long,Tao
Jian,Yuan
Xue-Fang,Tien
Genji,Chiang
Jie,Hu
Qing-Yuan,Ting
Yong,Ma
Zhen,Fu
Xia,Tang
Kang,Tsui
Zi,Kung
Chung,Mao
Xin-Qian,Hu
Bo,Chang
Hui-Ying,Han
Feng,Chen
Yi-Min,Teng
Li-Rong,Tan
Lee,Kuo
Shan,Tao
Meng,Lu
Guang,Wu
Xiong,Chou
Lok,Hou
Hui-Ying,Hsueh
Yi-Ze,Hsu
Dong,Mao
Ye,Hsueh
Heng,Huang
Zhen-Juan,Wu
Zhen-Juan,Chiu
Yul,Peng
Lei,Yen
Lian,Hung
Da-Xia,Tung
Sun,Tseng
Sun,Meng
Yu-Jie,Kang
Manchu,Ku
Jie,Cheng
Cheng,Chiu
Li-Mei,Yen
Lei,Sun
Li-Ming,Kung
Xiang,Peng
Guo,Chuang
Li,Liang
Mee,Tsao
Xia,Chen
Jiao,Meng
Zhu,Tseng
Peng,Chiang
Zhen,Chin
Chen,Liao
Li-Wei,Liu
Jian,Hao
Song,Hsieh
Wang,Chiu
Bao,Tsai
Lian,Yeh
Chen,Meng
Bo,Tsou
Hong,Li
Cong,Chou
Mei,Hsing
Chi,Hsing
Park,Fu
Shu,Yu
Chyou,Yu
Juan,Chung
Juan,Yu
Li-Rong,Lung
Zhen,Chung
Wei,Tao
Li-Qin,Fu
Xiong,Hsing
Manchu,Hsing
Cai,Hao
Qi,Huang
Xiuxiu,Kao
Lian,Mao
Qian,Tang
Park,Mai
Ye,Kung
Lan,Chien
Wei,Tsao
Yun,Fan
Dong,Yuan
Jie,Ho
Hu,Peng
Tao,Liu
Wen,Tang
Ju,Hsu
Li,Yen
Yi,Yen
De,Tan
Yue-Yan,Tuan
Li,Huang
Ling,Chen
Lee,Tsou
Wan,Hsiao
Xue,Tsui
Shaiming,Lu
Yan-Yan,Tang
Lei,Yeh
Xiang,Lu
Cui,Lu
Sun,Kang
Wan,Kao
De,Tien
Yun,Hao
Cheng,Chien
Shi,Chien
Sheng,Tung
Bao,Pan
Sying,Tsao
Lei,Lin
Da-Xia,Chia
Hu,Tsao
Wu,He
Hua,Lin
Qing,Tsou
Wen,Lo
Li-Hua,Tai
An,He
Mee,Liang
Yul,Pan
Xiong,Chou
Hong,Chao
Huan-Yue,Han
Dewei,Tien
Li-Qin,Jen
Guang,Fang
Juan,Lu
Tain,Hou
Li-Qin,Teng
Lan,Tsui
An,Tien
Cai,Ma
Xiong,Ke
Yue-Wan,Pan
Lei,Wang
Xiong,Meng
Jiao,Pan
Lei,Pan
Yong,Tien
Li-Rong,Teng
Liang,Lung
Xia-He,Peng
Ming,Yen
Yi-Jie,Chiu
Liang,Tsao
Bo,Pan
Chow,Feng
Fang-Yin,Chia
Li-Wei,Chien
Sun,Teng
Hui,Tsai
Shing,Hao
Chung,Lo
Gang,Fu
Feng,Chang
Chung,Tang
Li,Chang
Chang,Tung
Zhen-Juan,Tsui
Ling,Wei
Tain,Su
Bao,Kang
Lok,Hsiung
Zhi,Hao
Yi,Chao
Li,Chang
Li-Mei,Chiu
Wen,Chien
Qiang,Wei
Lee,Liao
Guo,Kao
Zhen,Liu
Sheng,Ting
Qing,Tien
Yu-Jie,Meng
E,Chiu
Bao,Chang
Bao,Chu
Dewei,Ma
Yi,Su
Feng,Hsueh
Feng,Hu
Kong,Yeh
Mulan,Lo
Ning,Tung
Kuan-Yin,Hsueh
Heng,She
Bi,Cheng
Li-Rong,Kang
Jing,Chao
Kong,Liang
Shing,Tan
Feng,Niu
Xiao-Chen,Peng
Hu,Hsieh
Tain,Huang
Dong,Su
Peng,Yao
Lin-Yao,Chiu
Chan,Feng
Feng,Yin
Ying,Su
Qing-Yuan,Chu
Chi,Lo
Xiong,Han
Li-Wei,Ho
Guang,Chia
Jun,Hsing
Yi-Min,Chao
Wang,Chung
Hui,Yu
Qiang,Lai
Ning,Tien
Shen,Hou
Qian,He
Sheng,Tsao
Hui,Feng
Lixue,Jen
Zhen,Kung
Tain,Tsui
Lei,Liang
Xiao-Chen,Hao
Jin,Chen
Qi,Mao
Juan,Yuan
Kang,Hu
Qiao,Hsia
Zhi,Chiu
Song,Peng
Ning,Hsu
Hua,Tsao
Hu,Feng
Jun,Cheng
Mulan,Jen
Bi,Teng
Wu,Yuan
Xiao-Chen,Tao
Kang,Chia
Yi,Lu
Shu-Fang,Lo
Yue-Wan,Hu
Chung,Peng
An,Lin
De,Ko
Jun,Hao
On,Sung
Lian,Fang
An,Tang
Lei,Yuan
Manchu,Fan
Yu,Lu
Tao,Chiang
Tao,He
Zhen,Kuo
Ling,Pan
Shuang,Lung
Wei,Lo
Liang,Hsieh
Li-Hua,Hao
Shing,Tang
Park,Peng
Fang,Liang
Li-Ming,Tsai
Ting,Hsu
Xue,Chin
Yan,Chin
Kuan-Yin,Huang
Sheng,Fang
Meng,Liang
Li,Tsai
Zhen,Tang
Yuan,Wei
Guo,Niu
Shen,Chiu
Sun,Tsai
Lei,Lu
Ming,Ko
Lee,Tang
Lian,Chu
Rong,Chao
Yul,Kuo
Bao,Tsou
Donglu,Ku
Hui,Kang
Lian,Lung
Lei,Lo
Mingmei,Pan
Fai,Kung
Tao,Kao
Jun,Hsueh
Xue,Cheng
Liang,Chin
Kuan-Yin,Tsao
Sheng,Tsai
Qing,Hsu
Qing,Yen
Bao,Lo
Tao,Yang
Hui,Chen
Ni,Tien
Heng,Hu
You,Chin
Long,Hsueh
Ye,Yu
Xia-He,Tang
Zhen-Juan,Peng
Yong,Peng
Jun,Yu
Kong,Tsou
Ming,Ting
Ni,Lai
Manchu,Ke
Jian,Ku
Shen,Tao
Fang,Wan
Yue-Wan,Lo
Dong,Lai
Zhu,Chin
Chi,Ku
Long,Chiu
Guang,Shao
Cai,Yuan
Dong,Lai
Tain,Chang
Peng,Chang
Bao,Teng
Ting,Chia
Guan-yin,Hsia
Chen,Fan
Yun,Liu
Yi,Hsing
Yuan,Yu
Na,Ku
Chung,Lung
E,Shen
Manchu,Hsu
Ai,Wang
Zhen,Fan
Peng,Liao
Dong,Hsu
Li-Hua,Ting
Xiu-Juan,Tsui
Lian,She
Wen,Pai
Chan,Cheng
Zhen-Juan,Fu
Qiang,Chien
Sun,Shih
Liang,Hsu
Jing,Liu
Lei,Lo
Ho,Li
Yong,Chin
Qian,Peng
Lok,Hsueh
Yue-Ying,He
Fang-Yin,Chiu
Hsin,Ko
Park,Kuo
Wen,Tao
Fai,Sung
Li-Mei,Tan
Li-Mei,Chin
Mee,Pai
Lian,Yen
Hua,Ke
Lok,Liu
Jian,Chien
Ni,Chuang
Feng,Pan
Yi-Ze,Mai
Ming,Feng
Dewei,Feng
Yue-Yan,Tao
Chi,Feng
Ning,Mao
Xiuxiu,Chao
Gang,Chin
Feng,Yeh
Cong,Yu
Feng,Fan
Xue,He
Chan,Tseng
Jie,Yeh
Lee,Kang
Jian,Hsueh
Lien,Teng
Xiu-Juan,Lu
Jie,Tsui
Lin,Lai
Yi-Jie,Yu
An,Yin
Chan,Hsieh
Fang-Yin,Hung
Lili,Huang
Li,Cheng
Jun,Han
Kong,Wei
Yul,Shao
Bo,Wu
Hui,Shih
Chen,Tsai
Hong,Tu
Sying,Ke
Ye,Lu
Feng,Pai
Dewei,Liao
Lee,Hsu
Hsin,Tsui
Yi-Jie,Tang
Shaiming,Meng
Bi,Fang
Qian,Shao
Shing,Fu
Li-Rong,Yuan
Lien,Chuang
Chung,Wu
Da-Xia,Meng
Hui-Ying,Hsueh
Lien,She
Fang-Yin,Tsao
Sun,Su
Lei,Chou
Bao,Chien
Dai,Kuo
Ling,Tsao
Ming,Lei
Xue-Fang,Shih
Ning,Ku
Bao,Tai
Lok,Cheng
Jing,Tseng
Dong,Yeh
Peng,Yu
Cong,Lo
Jian,Tsai
Xiao-Hong,Chien
Xiang,Ko
Fang,Yuan
Donglu,Chin
Jiang-Li,Hsueh
Lixue,Chao
Xue-Fang,He
Li-Wei,Yeh
Lian,Niu
Fai,Pan
Park,Pan
Li,Ma
On,Tsui
Xiuxiu,Hsiung
Shan,Lai
Chan,Su
Yuan,Yuan
Wen,Hsu
Bao,Tsui
Lee,Chang
Dong,Chao
Lian,Chung
On,Jen
Xue-Fang,Tuan
Lian,Sung
Liang,Lung
Wan,Li
Shi,Li
Lian,Ma
Wei,Hsieh
Qi,Mao
Ying,Tang
Wang,Yu
Yul,Shen
Xin-Qian,Hsueh
Yun,Meng
Yong,Meng
Zhen-Juan,Lin
Shaiming,Wang
Jia-Li,Wu
Kang,Chang
Chan,Tsai
Dan,Wu
Fai,She
Guan-yin,Hou
Lian,Hsu
Cai,Sung
Lixue,Tsai
Na,Tsui
Shi,Su
Xiang,Teng
Zhen,Lu
Mee,Kung
Lian,Ko
Tain,Kuo
Feng,Tung
Sun,Chien
Lian,Chou
Yu-Jie,Chao
Xiu,Kuo
Ni,She
Lian,Chien
Heng,Jen
Manchu,Hu
Feng,Hsueh
Yue-Ying,Ma
Yi-Min,Cheng
Zi,Kang
Mulan,Hsiao
Shaiming,Tan
Xia,Li
Ni,Kang
Wei,Chen
Dai,Wei
Cai,Pan
Xia-He,Fang
Wang,Shao
Chan,Chang
Chan,Tao
Peng,Hsueh
Xue,Tuan
Sying,Pan
Manchu,Ku
Xian,Tsou
Ye,Sung
Rong,Hu
Lian,Cheng
Xiang,Chu
Mulan,Tsao
Lixue,Chu
Yi-Jie,Chen
Ling,Yuan
Peng,Tsai
Cai,Kung
Xue,Hao
Qing,Yao
Lixue,Yuan
Hui,Yu
Hui,Hsu
Chan-Juan,Hung
Jie,Tsai
Chan-Juan,Chang
Lee,Chuang
Li-Hua,Mai
Na,Fan
De,Liang
Wu,Liu
Shaiming,Yu
Lian,Su
Dan,Kung
Sheng,Yu
Jie,Yuan
Chang,Chiu
Sying,Ku
Sying,Wan
Liang,Chiu
Chen,Tien
Lien,Chien
Shaiming,Tsao
Qi,Chou
Jie,Pan
Tao,Jen
Ju,Mao
Li-Mei,Chu
Xiong,Mao
Zhen-Juan,Teng
Lei,Shao
Cai,Cheng
Chan,Tao
Lien,Wang
Lee,Pan
Lin,Niu
Jian,Lung
Donglu,Kuo
Feng,Chien
Guan-yin,Yuan
Yue-Ying,Meng
Li-Qin,Chiu
Xiu,Tai
You,Tai
Bao,Liao
Cai,Shao
Lee,Chen
Qian,She
Huan,Ku
Gang,Tsou
Kuan-Yin,Kao
Zi,Hao
Jian,Shen
Ling,Chia
Mei,Kang
Bao,Chao
Lian,Yuan
Peng,Chao
Lien,Tan
Yu,Peng
Ho,Tao
Ling,Yu
Zhi,Tien
Yue-Yan,Chung
Yi-Ze,Chao
Lili,Tsui
Hsin,Ku
Li-Wei,Han
Yue-Ying,Lu
Tain,Jen
Wan,Liao
Tao,Huang
Lei,Tang
Mee,Chin
Kang,Chang
An,Hung
Mee,Hsu
Liang,Chia
Fai,Feng
Yu-Jie,Kung
Hu,Ko
Fang,Tao
Cong,Kung
Yul,Hsu
Yi-Ze,Chiang
Jin,Yuan
Shaiming,Su
Wu,Ho
Qian,Hsueh
Feng,Chung
Cui,Peng
Yan,Yu
Guang,Ting
Tao,Tsao
Chen,Chu
Rong,Pai
Wu,Hu
Song,Tsui
Jian,Lin
Zhi,Ting
Guang,Lu
Wen,Hsia
Park,Liao
Zhu,Lin
Jun,Ho
Wang,Wan
Yu,Su
Genji,Lu
Fen,Chang
Qing,Tien
Li,Shao
Manchu,Lo
Xia-He,He
Cui,Chou
Ye,Wang
Xiong,Kao
Yuan,Chen
Chung,Yang
Shu-Fang,Yu
Lok,Chung
Tao,Hsia
Ai,Lung
Jiang-Li,Jen
Guo,Yu
Jun,Tsui
De,Tung
Jie,Hou
Xue-Fang,Yen
Ning,Chao
Sun,Tao
Lok,Hsueh
Wei,Tao
Chang,Chiu
Yue-Ying,Fu
Park,Han
Heng,Tao
Kuan-Yin,Chien
Park,Lu
Kuan-Yin,Wei
Zhen,Peng
Zhen-Juan,Tsui
Hui-Ying,Chen
Hsin,Yeh
Ai,Wu
You,Hsueh
Kang,Fan
Hui,Ting
Tao,Tsai
Wang,He
Ming,Wu
Ting,Mao
Huan,Tsou
Chi,Kung
On,Kung
Yue-You,Chu
Chen,Chiu
An,Yin
Xiao-Chen,Liang
Jia-Li,Wang
On,Yeh
Genji,Tseng
Zhu,Tan
Lei,Sung
Tao,Chang
Wu,Chia
Guan-yin,Chang
Chi,Chu
Dong,Lu
Jian,Tang
Wei,Liao
Yuan,Meng
Kuan-Yin,Liao
Ning,Chiu
Hui,Hsu
Wen,Tao
Shuang,Huang
Li-Wei,Tung
De,Ma
Cai,Chung
Jia-Li,Wang
Bao,Hsiao
Lan,Hsueh
Wei,Tsao
Ning,Tsao
Kong,Feng
Feng,Chuang
Bo,Chiang
Lian,Tsao
Jiao,Lu
Jin,Yao
Sheng,Kung
Song,Hao
Ni,Pai
Li-Qin,Han
Ye,Cheng
Gang,Ni
Fai,Hsing
Xiaoming,Tsao
Xiao-Hong,Chiu
Li,Chang
Na,Chou
Mulan,Ho
An,Kung
Jie,Ni
Meng,Ho
Qing,Chia
Shu,Kang
Xiao-Chen,Cheng
Jin,Tien
Bo,Tai
Jian,Teng
Yue-Ying,Fang
Qi,Tan
Shi,Chang
Ni,Chiu
Bi,Hsu
Dewei,Hsieh
Feng,Li
Lin-Yao,Tung
Shing,Yuan
Qing-Yuan,Lo
Jie,Huang
Yu-Jie,Peng
Cheng,Pan
Cong,Hsiao
Shi,Tang
Zhen-Juan,Hsiung
Wen,Li
Wang,Hu
Shan,Chao
Zhen,Hsu
Dai,Tai
Xiu-Juan,Hou
Lin,Mao
Yul,Hung
Ai,Kung
Hu,Tsai
Park,Kung
Chow,Hsiung
Zhen,Ting
Tao,Mao
Bao,Tseng
Chan,Liang
Wen,Yao
Meng,Yu
Hui-Ying,Hsieh
Peng,Tai
Mee,Chang
Xue,Yuan
Hsin,Kung
Guo,Tsui
Sun,Yuan
Park,He
Yu-Jie,Lu
Tao,Hsueh
Kong,Fang
Zhen,Yeh
Wu,Chin
Shu-Fang,Chien
Liang,Yuan
Guang,Yen
Ju,Hsu
Ning,Chung
Chan,Ku
Li-Mei,Pan
Ho,He
Li-Rong,Lin
Guang,Pan
Yi-Jie,Chien
Chow,Tien
Juan,Chiu
Ai,Yin
Yi,Shih
Jun,Niu
Zhen-Juan,Chu
Chi,He
Li-Qin,Tsui
Wen,Sun
Yi-Ze,Wu
Tao,Yuan
De,Hsiao
Yong,Yuan
Li-Na,Wan
E,Pan
Feng,Lin
Juan,Hsueh
Dai,Chang
Sun,Tan
Chan,Feng
Yuan,Wang
Jiang-Li,Hsing
Tain,Lo
Guan-yin,Ko
Chung,Tao
Fen,Tsou
Kuan-Yin,Lung
Cheng,He
Li,Su
Chung,Chen
Li-Hua,Yu
Jin,Hung
Shu-Fang,Wu
Sun,Tsao
Kuan-Yin,Tu
Chang,Yeh
Lien,Chien
Dewei,Su
Lok,Hsueh
De,Tsai
Ming,Yao
Yong,Cheng
Qing,Cheng
Qi,Kang
Huan-Yue,Kung
Jie,Fan
Lok,Ho
Cheng,Fu
Cheng,Hou
Ho,Yang
Ming,Kung
Shaiming,Huang
An,Feng
Cong,Tung
Ye,Tung
Chan-Juan,Lu
Xiuxiu,Ko
Mee,Tang
Wei,Chou
Ming,Tsui
Shi,Peng
Hu,Cheng
Yul,Yuan
Cheng,Hsueh
Hong,Tai
You,Chuang
Hui,Hsia
Qing-Yuan,Chao
Tao,Tsai
Song,Chin
Zhu,Lung
Xiao-Hong,Hsueh
Fang-Yin,Chuang
On,Shen
Liang,Chou
On,Tsui
Guo,Ke
Liang,Fan
Peng,Tsao
Cong,Yen
Lian,Chang
Bao,Tseng
Dong,Mao
Huan-Yue,Lo
Shing,Tai
Wang,Sung
Tao,Kuo
Yue-You,Liao
Ho,Teng
Lien,Kung
Yuan,Ma
Shing,Yu
Fen,Hsing
Long,Hu
Chen,Chung
E,Sun
Yu,Ko
Lian,Ku
Chi,Kuo
Lee,Chung
Xue-Fang,Hou
Kang,Wei
Hui-Ying,Yuan
Fai,Chen
Meng,Tien
Ying,Chien
Dewei,Wei
Liang,Chu
Zhen,Hsieh
Cai,Chou
Song,Chao
Chan-Juan,Tsao
Bi,Li
Wei,Chin
Zhen,Sung
Genji,Chin
Dan,Tien
Qiang,Tao
Sying,Ku
Juan,Kung
Jia-Li,Tuan
Ming,Chien
Xin-Qian,Tan
Wen,Yang
Xiong,Hsia
Bo,Meng
Cui,Tsai
Cheng,Chang
Li,Ni
An,Chiu
Ye,Huang
Wei,Lu
Song,Mao
Yu-Jie,Lo
Chen,Chia
Chen,Yeh
Jun,Pan
Chan,Tsai
Xiao-Chen,Hao
Jiang-Li,Tan
Shuang,Lin
Qiao,He
Yi-Ze,She
Xia-He,Tang
Ho,Chung
Sun,Kuo
Jin,Hsueh
Chan-Juan,Wan
Meng,Sung
Wang,Jen
Guan-yin,Fu
Yue-Ying,Wu
Shi,Peng
Lin-Yao,Liang
Cong,Tao
Dong,Wei
Xin-Qian,Chen
Long,Li
Tao,Lu
Na,Ku
Ming,Wei
You,Chao
Yi-Jie,Ni
Long,Yang
Kuan-Yin,Tsao
Xiang,Tang
Sun,Pan
Cai,Hsing
Qi,Tsao
Ming,Hou
Wei,Chou
Lan,Yu
Shan,Chiu
Lei,Chou
Cui,She
Mee,Tseng
Tao,Chung
Dan,Han
Mingmei,Yang
Xiao-Hong,Wan
Juan,She
Liang,Ni
Juan,Lung
Wen,Hu
Dewei,Chin
Lin-Yao,Yao
Shuang,Hung
Ho,Ting
Cai,Tang
Hui,Pan
Wu,Shao
Qiao,Su
Zhi,Hu
Bi,Ho
Chyou,Tang
Kuan-Yin,Kuo
Li,Cheng
De,Chien
Na,Lai
Ho,Teng
Kuan-Yin,Meng
Wan,Chiang
Genji,Hung
Xiaoming,Chien
Song,Sung
Jia-Li,Chia
Qing,Liu
Yue-You,Sung
Liang,He
Li-Na,Chin
Xiu,Liao
Fai,Lu
Chow,Chiu
Jian,Tang
Da-Xia,Wang
Li-Na,Su
Jiao,Liu
Manchu,Tsai
Hui,Yeh
Cai,Yen
Yuan,Ho
Dong,Kuo
Song,Fu
Zhen-Juan,Yang
Bi,Chang
De,Tung
Gang,Tang
Ho,Liao
Tao,Kang
Jin,Hsieh
Xiuxiu,Ke
Qing,Hou
Shaiming,Hsieh
Xin-Qian,Chiu
Xiong,Kuo
Chi,Chuang
Kang,Chia
Chan,Tsao
Manchu,He
Qiong,Yang
Guang,Tao
Zhi,Tuan
Na,Yen
Cheng,Shen
Fai,Liao
Cheng,Lu
Fang,Tseng
Sying,Li
Xia,Lei
Yue-Wan,Wei
Xia-He,Wei
Xiu,Huang
Na,Tang
Jia-Li,Chang
Kuan-Yin,Yeh
Chung,Ma
Feng,Fu
Xia-He,Chien
Ni,Liao
Lee,He
Jin,Yao
Shu-Fang,Chia
Yi-Min,Lo
Guo,Shao
Kang,Chu
Park,Chin
Cai,Yu
Hui,Chia
Chan-Juan,Tao
Manchu,Kung
Jin,Pai
Lian,Liang
Ping,Kuo
Qiao,Huang
Jia-Li,Fang
Hui,Kang
Xiang,Hsieh
Zhen,Yuan
Yuan,Mao
Fai,Yu
Li-Rong,Tseng
Qing,Hsieh
Tain,She
Meng,Su
An,Ni
Da-Xia,Ku
Fai,Lu
Yu,Hsu
On,Chin
Chow,Chen
Mulan,Lung
Gang,Tseng
Sun,Chiang
E,Ma
Wu,Liu
Sun,Chien
Yul,Tu
Dewei,Chien
Cai,Chin
Li-Mei,Cheng
Rong,Tai
Bo,Tsui
Qiang,Wang
Hsin,Liao
Li-Rong,Hsiung
Wei,Lo
Wu,Hsia
Chen,Chiu
Yu,Shao
Jun,Yin
E,Mao
Li,Chin
Fen,Ting
Qiang,Liang
Song,Ko
Yu,Lei
Shu-Fang,Lung
Kong,Pan
Yuan,Liu
Qiang,Pan
Yu,Ho
Cai,Yen
Chen,Tan
Fai,Tang
Guang,Tsai
Kuan-Yin,Hsieh
Cui,Hsu
Jian,Mai
Xiang,Fu
Yi,Ku
Dong,Hao
Yul,Wang
Lei,Ting
Sun,Liang
E,Huang
Donglu,Kung
Ting,Yen
An,Sun
Zhen-Juan,Chao
Jun,Hsu
Rong,Yao
Huan-Yue,Tseng
Yi,Ko
Yi-Jie,Kung
Park,Pan
Jian,Ku
Zhen-Juan,Peng
Chyou,Tu
Chang,Hsiao
Ming,Wu
Jiang-Li,Kao
Yue-Yan,Chiang
Meng,Lin
Ling,Yuan
Guo,Tung
Xia,Ting
Sying,Ting
Yu,Kao
You,Tsao
Lin,Tan
Wei,Ku
Lei,Hsia
Fang,Kung
Wu,Tsui
On,Mai
Ju,Tsao
Jun,Niu
Kong,Chen
Kong,Yang
Chen,Hao
Li-Ming,Ko
Yuan,Lin
Tao,Liang
Chi,Yao
Guang,Hsueh
Kong,Hsiung
Xiang,Lo
Fai,Hou
Cong,Chin
Xiong,Lai
Jiang-Li,Tseng
Manchu,Yang
Li-Mei,Chen
Qing-Yuan,Hung
Wan,Tao
Li-Na,Huang
Yuan,Fan
Qiao,Shih
Juan,Sun
Wei,Lin
Lin,Tsui
Hu,Shih
Yan,Hsu
Jin,Hsueh
Yong,Tao
Ni,Ke
Yu-Jie,Hsing
Jie,Yang
Wei,Fan
Xiong,Chien
Jie,Tseng
Bao,Fu
Jin,Lei
Hui,Lu
Cong,Hsiao
Yuan,Huang
Mingmei,Tang
Wu,Sun
Kong,Fan
Mulan,Chiu
Ping,Hu
Ping,Hsiao
Yan-Yan,Tsou
Jun,Niu
Hu,Hou
Tao,Fu
Bi,Tsao
Dewei,Huang
Jin,Peng
Chi,Tang
Feng,Ho
Ho,Kung
Tao,Meng
Jiang-Li,Pan
Yi,He
Cong,Pan
Juan,Tu
Da-Xia,Shao
Ting,Lei
Yu,Tsai
Lian,Su
Sheng,Lung
Hong,Peng
Jiang-Li,Ni
Yun,Yu
Huan,Kung
Yi,Kuo
Chan-Juan,Chiu
Chow,Yin
Ting,Hsiao
Shuang,Chien
An,Shao
Zi,Chiu
Wen,Fang
Yue-You,Ting
Kuan-Yin,Lo
Ling,He
You,Tseng
Sun,Chuang
Yuan,Su
Dai,Chiu
Yong,Hou
Qiang,Yin
Bo,Tu
De,Yuan
Xiaoming,Tang
Manchu,Lu
Chan,Fan
Sun,Ni
Li-Hua,Wei
Chen,Tan
Mee,Chen
Fang-Yin,Kang
Chen,Chin
Shaiming,He
Shan,Hou
Fang-Yin,Lo
On,Tsui
Dewei,Chin
Long,Tan
Xiao-Chen,Liao
Hui-Ying,Chuang
Dong,Tien
Yan-Yan,Chu
Liang,Tsai
Xiuxiu,Shih
Qiao,Hsia
Chow,Pan
Ning,Meng
Mingmei,Chang
Yi,Chu
Sying,Hsieh
Lian,Chu
Tain,Ni
Li,Tsao
Meng,Teng
Yi-Ze,Chang
Tain,Fan
Lixue,Li
Cong,Hsiao
Yul,Fu
Bi,Huang
Yue-You,Lu
Ling,Chao
Rong,Chou
Yul,Kao
Jun,Kuo
Long,Tsao
Hsin,Hu
Jiao,Ho
Ju,Chin
Jin,Jen
Jun,Chen
Qian,Kuo
Zhen-Juan,Shao
Qiang,Tang
Cong,Chao
Wen,Wang
Mei,Tang
Qi,Hsia
Bao,Ni
Tain,Chiu
Ming,Kung
Yu,Fu
Hui,Tu
Manchu,Ku
Lixue,Hsia
Cai,Tsao
Xue-Fang,Ko
Wu,Hou
Li-Wei,Tsai
Yu-Jie,Chu
Hui,Ni
Cong,Chang
Yul,Yen
Lin,Tuan
